,title,url_anime,date_published_anime,score_anime,rank_anime,members_anime,anime_exists,url,date_published,score,rank,members
0,Steins;Gate,https://myanimelist.net/anime/9253/Steins_Gate,2011-01 - 2011-01,9.07,3.0,112561201.0,yes,https://myanimelist.net/manga/39859/Steins_Gate,2011-01 - 2012-01,8.58,3,213037
1,Steins;Gate,https://myanimelist.net/anime/9253/Steins_Gate,2011-01 - 2011-01,9.07,3.0,112561201.0,yes,https://myanimelist.net/manga/39859/Steins_Gate,2011-01 - 2012-01,8.58,3,213037
2,One Piece,https://myanimelist.net/anime/21/One_Piece,1999-01,8.72,1.0,2352301.0,yes,https://myanimelist.net/manga/13/One_Piece,1997-01,9.22,4,619021
3,One Piece,https://myanimelist.net/anime/21/One_Piece,1999-01,8.72,1.0,2352301.0,yes,https://myanimelist.net/manga/13/One_Piece,1997-01,9.22,4,619021
4,Kimi no Suizou wo Tabetai,https://myanimelist.net/anime/36098/Kimi_no_Suizou_wo_Tabetai,2018-01 - 2018-01,8.55,5.0,965483.0,yes,https://myanimelist.net/manga/117077/Kimi_no_Suizou_wo_Tabetai,2015-01 - 2015-01,8.68,4,157521
5,Kimi no Suizou wo Tabetai,https://myanimelist.net/anime/36098/Kimi_no_Suizou_wo_Tabetai,2018-01 - 2018-01,8.55,5.0,965483.0,yes,https://myanimelist.net/manga/104538/Kimi_no_Suizou_wo_Tabetai,2016-01 - 2017-01,8.5,1,743585
6,Kimi no Suizou wo Tabetai,https://myanimelist.net/anime/36098/Kimi_no_Suizou_wo_Tabetai,2018-01 - 2018-01,8.55,5.0,965483.0,yes,https://myanimelist.net/manga/117077/Kimi_no_Suizou_wo_Tabetai,2015-01 - 2015-01,8.68,4,157521
7,Kimi no Suizou wo Tabetai,https://myanimelist.net/anime/36098/Kimi_no_Suizou_wo_Tabetai,2018-01 - 2018-01,8.55,5.0,965483.0,yes,https://myanimelist.net/manga/104538/Kimi_no_Suizou_wo_Tabetai,2016-01 - 2017-01,8.5,1,743585
8,Kimi no Suizou wo Tabetai,https://myanimelist.net/anime/36098/Kimi_no_Suizou_wo_Tabetai,2018-01 - 2018-01,8.55,5.0,965483.0,yes,https://myanimelist.net/manga/117077/Kimi_no_Suizou_wo_Tabetai,2015-01 - 2015-01,8.68,4,157521
9,Kimi no Suizou wo Tabetai,https://myanimelist.net/anime/36098/Kimi_no_Suizou_wo_Tabetai,2018-01 - 2018-01,8.55,5.0,965483.0,yes,https://myanimelist.net/manga/104538/Kimi_no_Suizou_wo_Tabetai,2016-01 - 2017-01,8.5,1,743585
10,Slam Dunk,https://myanimelist.net/anime/170/Slam_Dunk,1993-01 - 1996-01,8.55,1.0,300934.0,yes,https://myanimelist.net/manga/51/Slam_Dunk,1990-01 - 1996-01,9.09,1,170977
11,Slam Dunk,https://myanimelist.net/anime/170/Slam_Dunk,1993-01 - 1996-01,8.55,1.0,300934.0,yes,https://myanimelist.net/manga/51/Slam_Dunk,1990-01 - 1996-01,9.09,1,170977
12,Grand Blue,https://myanimelist.net/anime/37105/Grand_Blue,2018-01 - 2018-01,8.43,2.0,778550.0,yes,https://myanimelist.net/manga/70345/Grand_Blue,2014-01,9.03,4,176502
13,Grand Blue,https://myanimelist.net/anime/37105/Grand_Blue,2018-01 - 2018-01,8.43,2.0,778550.0,yes,https://myanimelist.net/manga/70345/Grand_Blue,2014-01,9.03,4,176502
14,Mahou Shoujo Madoka★Magica,https://myanimelist.net/anime/9756/Mahou_Shoujo_Madoka★Magica,2011-01 - 2011-01,8.37,3.0,111288109.0,yes,https://myanimelist.net/manga/24457/Mahou_Shoujo_Madoka★Magica,2011-01 - 2011-01,8.09,4,139562
15,Mahou Shoujo Madoka★Magica,https://myanimelist.net/anime/9756/Mahou_Shoujo_Madoka★Magica,2011-01 - 2011-01,8.37,3.0,111288109.0,yes,https://myanimelist.net/manga/24457/Mahou_Shoujo_Madoka★Magica,2011-01 - 2011-01,8.09,4,139562
16,Baccano!,https://myanimelist.net/anime/2251/Baccano,2007-01 - 2007-01,8.36,1.0,905731.0,yes,https://myanimelist.net/manga/1342/Baccano,2003-01 - 2016-01,8.57,1,619669
17,Baccano!,https://myanimelist.net/anime/2251/Baccano,2007-01 - 2007-01,8.36,1.0,905731.0,yes,https://myanimelist.net/manga/1342/Baccano,2003-01 - 2016-01,8.57,1,619669
18,Fumetsu no Anata e,https://myanimelist.net/anime/41025/Fumetsu_no_Anata_e,2021-01 - 2021-01,8.35,3.0,869371.0,yes,https://myanimelist.net/manga/102343/Fumetsu_no_Anata_e,2016-01,8.31,1,102785
19,Fumetsu no Anata e,https://myanimelist.net/anime/41025/Fumetsu_no_Anata_e,2021-01 - 2021-01,8.35,3.0,869371.0,yes,https://myanimelist.net/manga/102343/Fumetsu_no_Anata_e,2016-01,8.31,1,102785
20,Natsume Yuujinchou,https://myanimelist.net/anime/4081/Natsume_Yuujinchou,2008-01 - 2008-01,8.31,3.0,540256.0,yes,https://myanimelist.net/manga/1859/Natsume_Yuujinchou,2003-01,8.68,3,44073
21,Natsume Yuujinchou,https://myanimelist.net/anime/4081/Natsume_Yuujinchou,2008-01 - 2008-01,8.31,3.0,540256.0,yes,https://myanimelist.net/manga/1859/Natsume_Yuujinchou,2003-01,8.68,3,44073
22,NHK ni Youkoso!,https://myanimelist.net/anime/1210/NHK_ni_Youkoso,2006-01 - 2006-01,8.31,4.0,743270.0,yes,https://myanimelist.net/manga/463/NHK_ni_Youkoso,2003-01 - 2007-01,8.15,5,757899
23,NHK ni Youkoso!,https://myanimelist.net/anime/1210/NHK_ni_Youkoso,2006-01 - 2006-01,8.31,4.0,743270.0,yes,https://myanimelist.net/manga/463/NHK_ni_Youkoso,2003-01 - 2007-01,8.15,5,757899
24,Boku dake ga Inai Machi,https://myanimelist.net/anime/31043/Boku_dake_ga_Inai_Machi,2016-01 - 2016-01,8.3,3.0,162091840.0,yes,https://myanimelist.net/manga/39325/Boku_dake_ga_Inai_Machi,2012-01 - 2016-01,8.37,3,687788
25,Boku dake ga Inai Machi,https://myanimelist.net/anime/31043/Boku_dake_ga_Inai_Machi,2016-01 - 2016-01,8.3,3.0,162091840.0,yes,https://myanimelist.net/manga/39325/Boku_dake_ga_Inai_Machi,2012-01 - 2016-01,8.37,3,687788
26,Nodame Cantabile,https://myanimelist.net/anime/1698/Nodame_Cantabile,2007-01 - 2007-01,8.26,2.0,315111.0,yes,https://myanimelist.net/manga/419/Nodame_Cantabile,2001-01 - 2010-01,8.42,1,27389
27,Nodame Cantabile,https://myanimelist.net/anime/1698/Nodame_Cantabile,2007-01 - 2007-01,8.26,2.0,315111.0,yes,https://myanimelist.net/manga/419/Nodame_Cantabile,2001-01 - 2010-01,8.42,1,27389
28,Shoujo Shuumatsu Ryokou,https://myanimelist.net/anime/35838/Shoujo_Shuumatsu_Ryokou,2017-01 - 2017-01,8.21,3.0,344393.0,yes,https://myanimelist.net/manga/72467/Shoujo_Shuumatsu_Ryokou,2014-01 - 2018-01,8.72,2,868882
29,Shoujo Shuumatsu Ryokou,https://myanimelist.net/anime/35838/Shoujo_Shuumatsu_Ryokou,2017-01 - 2017-01,8.21,3.0,344393.0,yes,https://myanimelist.net/manga/72467/Shoujo_Shuumatsu_Ryokou,2014-01 - 2018-01,8.72,2,868882
30,Ballroom e Youkoso,https://myanimelist.net/anime/34636/Ballroom_e_Youkoso,2017-01 - 2017-01,8.18,2.0,335453.0,yes,https://myanimelist.net/manga/48347/Ballroom_e_Youkoso,2011-01,8.37,4,39865
31,Ballroom e Youkoso,https://myanimelist.net/anime/34636/Ballroom_e_Youkoso,2017-01 - 2017-01,8.18,2.0,335453.0,yes,https://myanimelist.net/manga/48347/Ballroom_e_Youkoso,2011-01,8.37,4,39865
32,Chihayafuru,https://myanimelist.net/anime/10800/Chihayafuru,2011-01 - 2012-01,8.18,4.0,461877.0,yes,https://myanimelist.net/manga/13245/Chihayafuru,2007-01 - 2022-01,8.58,5,246251
33,Chihayafuru,https://myanimelist.net/anime/10800/Chihayafuru,2011-01 - 2012-01,8.18,4.0,461877.0,yes,https://myanimelist.net/manga/13245/Chihayafuru,2007-01 - 2022-01,8.58,5,246251
34,Katekyou Hitman Reborn!,https://myanimelist.net/anime/1604/Katekyou_Hitman_Reborn,2006-01 - 2010-01,8.13,5.0,557336.0,yes,https://myanimelist.net/manga/47/Katekyou_Hitman_Reborn,2004-01 - 2012-01,8.12,4,123393
35,Katekyou Hitman Reborn!,https://myanimelist.net/anime/1604/Katekyou_Hitman_Reborn,2006-01 - 2010-01,8.13,5.0,557336.0,yes,https://myanimelist.net/manga/47/Katekyou_Hitman_Reborn,2004-01 - 2012-01,8.12,4,123393
36,"Shangri-La Frontier: Kusoge Hunter, Kamige ni Idoman to su",https://myanimelist.net/anime/52347/Shangri-La_Frontier__Kusoge_Hunter_Kamige_ni_Idoman_to_su,2023-01 - 2024-01,8.09,2.0,253780.0,yes,https://myanimelist.net/manga/130331/Shangri-La_Frontier__Kusoge_Hunter_Kamige_ni_Idoman_to_su,2020-01,8.01,4,16312
37,"Shangri-La Frontier: Kusoge Hunter, Kamige ni Idoman to su",https://myanimelist.net/anime/52347/Shangri-La_Frontier__Kusoge_Hunter_Kamige_ni_Idoman_to_su,2023-01 - 2024-01,8.09,2.0,253780.0,yes,https://myanimelist.net/manga/130331/Shangri-La_Frontier__Kusoge_Hunter_Kamige_ni_Idoman_to_su,2020-01,8.01,4,16312
38,Dorohedoro,https://myanimelist.net/anime/38668/Dorohedoro,2020-01 - 2020-01,8.05,3.0,548286.0,yes,https://myanimelist.net/manga/1133/Dorohedoro,2000-01 - 2018-01,8.68,2,175076
39,Dorohedoro,https://myanimelist.net/anime/38668/Dorohedoro,2020-01 - 2020-01,8.05,3.0,548286.0,yes,https://myanimelist.net/manga/1133/Dorohedoro,2000-01 - 2018-01,8.68,2,175076
40,Juuni Kokuki,https://myanimelist.net/anime/153/Juuni_Kokuki,2002-01 - 2003-01,8.02,1.0,152789.0,yes,https://myanimelist.net/manga/3807/Juuni_Kokuki,1992-01,8.43,1,9407
41,Juuni Kokuki,https://myanimelist.net/anime/153/Juuni_Kokuki,2002-01 - 2003-01,8.02,1.0,152789.0,yes,https://myanimelist.net/manga/3807/Juuni_Kokuki,1992-01,8.43,1,9407
42,Niehime to Kemono no Ou,https://myanimelist.net/anime/46422/Niehime_to_Kemono_no_Ou,2023-01 - 2023-01,7.99,5.0,372313.0,yes,https://myanimelist.net/manga/95920/Niehime_to_Kemono_no_Ou,2015-01 - 2020-01,7.96,1,15355
43,Niehime to Kemono no Ou,https://myanimelist.net/anime/46422/Niehime_to_Kemono_no_Ou,2023-01 - 2023-01,7.99,5.0,372313.0,yes,https://myanimelist.net/manga/95920/Niehime_to_Kemono_no_Ou,2015-01 - 2020-01,7.96,1,15355
44,Saint Seiya: The Lost Canvas - Meiou Shinwa,https://myanimelist.net/anime/6171/Saint_Seiya__The_Lost_Canvas_-_Meiou_Shinwa,2009-01 - 2010-01,7.98,4.0,108412.0,yes,https://myanimelist.net/manga/1047/Saint_Seiya__The_Lost_Canvas_-_Meiou_Shinwa,2006-01 - 2011-01,8.28,2,115765
45,Saint Seiya: The Lost Canvas - Meiou Shinwa,https://myanimelist.net/anime/6171/Saint_Seiya__The_Lost_Canvas_-_Meiou_Shinwa,2009-01 - 2010-01,7.98,4.0,108412.0,yes,https://myanimelist.net/manga/1047/Saint_Seiya__The_Lost_Canvas_-_Meiou_Shinwa,2006-01 - 2011-01,8.28,2,115765
46,Kidou Senshi Gundam Thunderbolt,https://myanimelist.net/anime/31973/Kidou_Senshi_Gundam_Thunderbolt,2015-01 - 2016-01,7.95,1.0,656835.0,yes,https://myanimelist.net/manga/37683/Kidou_Senshi_Gundam_Thunderbolt,2012-01,7.81,2,3206
47,Kidou Senshi Gundam Thunderbolt,https://myanimelist.net/anime/31973/Kidou_Senshi_Gundam_Thunderbolt,2015-01 - 2016-01,7.95,1.0,656835.0,yes,https://myanimelist.net/manga/37683/Kidou_Senshi_Gundam_Thunderbolt,2012-01,7.81,2,3206
48,Tate no Yuusha no Nariagari,https://myanimelist.net/anime/35790/Tate_no_Yuusha_no_Nariagari,2019-01 - 2019-01,7.95,2.0,191588921.0,yes,https://myanimelist.net/manga/67617/Tate_no_Yuusha_no_Nariagari,2013-01,7.95,4,46573
49,Tate no Yuusha no Nariagari,https://myanimelist.net/anime/35790/Tate_no_Yuusha_no_Nariagari,2019-01 - 2019-01,7.95,2.0,191588921.0,yes,https://myanimelist.net/manga/67617/Tate_no_Yuusha_no_Nariagari,2013-01,7.95,4,46573
50,Eyeshield 21,https://myanimelist.net/anime/15/Eyeshield_21,2005-01 - 2008-01,7.92,1.0,183684.0,yes,https://myanimelist.net/manga/43/Eyeshield_21,2002-01 - 2009-01,8.48,5,976820
51,Eyeshield 21,https://myanimelist.net/anime/15/Eyeshield_21,2005-01 - 2008-01,7.92,1.0,183684.0,yes,https://myanimelist.net/manga/43/Eyeshield_21,2002-01 - 2009-01,8.48,5,976820
52,Douluo Dalu,https://myanimelist.net/anime/37150/Douluo_Dalu,2018-01 - 2018-01,7.87,2.0,828973.0,yes,https://myanimelist.net/manga/72303/Douluo_Dalu,2011-01,7.85,3,27824
53,Douluo Dalu,https://myanimelist.net/anime/37150/Douluo_Dalu,2018-01 - 2018-01,7.87,2.0,828973.0,yes,https://myanimelist.net/manga/72303/Douluo_Dalu,2011-01,7.85,3,27824
54,Quanzhi Gaoshou,https://myanimelist.net/anime/33926/Quanzhi_Gaoshou,2017-01 - 2017-01,7.87,2.0,369369.0,yes,https://myanimelist.net/manga/118730/Quanzhi_Gaoshou,2015-01,7.67,1,6230
55,Quanzhi Gaoshou,https://myanimelist.net/anime/33926/Quanzhi_Gaoshou,2017-01 - 2017-01,7.87,2.0,369369.0,yes,https://myanimelist.net/manga/118730/Quanzhi_Gaoshou,2015-01,7.67,1,6230
56,Capeta,https://myanimelist.net/anime/388/Capeta,2005-01 - 2006-01,7.84,4.0,627578.0,yes,https://myanimelist.net/manga/9546/Capeta,2003-01 - 2013-01,8.18,4,134996
57,Capeta,https://myanimelist.net/anime/388/Capeta,2005-01 - 2006-01,7.84,4.0,627578.0,yes,https://myanimelist.net/manga/9546/Capeta,2003-01 - 2013-01,8.18,4,134996
58,Dark Gathering,https://myanimelist.net/anime/52505/Dark_Gathering,2023-01 - 2023-01,7.84,1.0,130878.0,yes,https://myanimelist.net/manga/118668/Dark_Gathering,2019-01,7.89,1,9024
59,Dark Gathering,https://myanimelist.net/anime/52505/Dark_Gathering,2023-01 - 2023-01,7.84,1.0,130878.0,yes,https://myanimelist.net/manga/118668/Dark_Gathering,2019-01,7.89,1,9024
60,Ginga Tetsudou 999,https://myanimelist.net/anime/1491/Ginga_Tetsudou_999,1978-01 - 1981-01,7.84,4.0,138793.0,yes,https://myanimelist.net/manga/776/Ginga_Tetsudou_999,1977-01 - 1981-01,8.01,1,813065
61,Ginga Tetsudou 999,https://myanimelist.net/anime/1491/Ginga_Tetsudou_999,1978-01 - 1981-01,7.84,4.0,138793.0,yes,https://myanimelist.net/manga/776/Ginga_Tetsudou_999,1977-01 - 1981-01,8.01,1,813065
62,Otonari no Tenshi-sama ni Itsunomanika Dame Ningen ni Sareteita Ken,https://myanimelist.net/anime/50739/Otonari_no_Tenshi-sama_ni_Itsunomanika_Dame_Ningen_ni_Sareteita_Ken,2023-01 - 2023-01,7.82,2.0,307957.0,yes,https://myanimelist.net/manga/130934/Otonari_no_Tenshi-sama_ni_Itsunomanika_Dame_Ningen_ni_Sareteita_Ken,2022-01,7.95,1,12572
63,Otonari no Tenshi-sama ni Itsunomanika Dame Ningen ni Sareteita Ken,https://myanimelist.net/anime/50739/Otonari_no_Tenshi-sama_ni_Itsunomanika_Dame_Ningen_ni_Sareteita_Ken,2023-01 - 2023-01,7.82,2.0,307957.0,yes,https://myanimelist.net/manga/130934/Otonari_no_Tenshi-sama_ni_Itsunomanika_Dame_Ningen_ni_Sareteita_Ken,2022-01,7.95,1,12572
64,Somali to Mori no Kamisama,https://myanimelist.net/anime/39575/Somali_to_Mori_no_Kamisama,2020-01 - 2020-01,7.82,3.0,289833.0,yes,https://myanimelist.net/manga/95452/Somali_to_Mori_no_Kamisama,2015-01 - 2019-01,7.72,3,917969
65,Somali to Mori no Kamisama,https://myanimelist.net/anime/39575/Somali_to_Mori_no_Kamisama,2020-01 - 2020-01,7.82,3.0,289833.0,yes,https://myanimelist.net/manga/95452/Somali_to_Mori_no_Kamisama,2015-01 - 2019-01,7.72,3,917969
66,Crayon Shin-chan,https://myanimelist.net/anime/966/Crayon_Shin-chan,1992-01,7.8,5.0,84026.0,yes,https://myanimelist.net/manga/2435/Crayon_Shin-chan,1990-01 - 2010-01,8.04,5,105921
67,Crayon Shin-chan,https://myanimelist.net/anime/966/Crayon_Shin-chan,1992-01,7.8,5.0,84026.0,yes,https://myanimelist.net/manga/2435/Crayon_Shin-chan,1990-01 - 2010-01,8.04,5,105921
68,Watashi no Shiawase na Kekkon,https://myanimelist.net/anime/51552/Watashi_no_Shiawase_na_Kekkon,2023-01 - 2023-01,7.76,5.0,270131.0,yes,https://myanimelist.net/manga/138148/Watashi_no_Shiawase_na_Kekkon,2019-01,8.01,5,4279
69,Watashi no Shiawase na Kekkon,https://myanimelist.net/anime/51552/Watashi_no_Shiawase_na_Kekkon,2023-01 - 2023-01,7.76,5.0,270131.0,yes,https://myanimelist.net/manga/138148/Watashi_no_Shiawase_na_Kekkon,2019-01,8.01,5,4279
70,"Gate: Jieitai Kanochi nite, Kaku Tatakaeri",https://myanimelist.net/anime/28907/Gate__Jieitai_Kanochi_nite_Kaku_Tatakaeri,2015-01 - 2015-01,7.68,1.0,807854.0,yes,https://myanimelist.net/manga/67879/Gate__Jieitai_Kanochi_nite_Kaku_Tatakaeri,2010-01 - 2011-01,7.94,1,118057
71,"Gate: Jieitai Kanochi nite, Kaku Tatakaeri",https://myanimelist.net/anime/28907/Gate__Jieitai_Kanochi_nite_Kaku_Tatakaeri,2015-01 - 2015-01,7.68,1.0,807854.0,yes,https://myanimelist.net/manga/67879/Gate__Jieitai_Kanochi_nite_Kaku_Tatakaeri,2010-01 - 2011-01,7.94,1,118057
72,Hime-chan no Ribbon,https://myanimelist.net/anime/2037/Hime-chan_no_Ribbon,1992-01 - 1993-01,7.68,3.0,310056.0,yes,https://myanimelist.net/manga/4998/Hime-chan_no_Ribbon,1990-01 - 1993-01,7.92,2,931722
73,Hime-chan no Ribbon,https://myanimelist.net/anime/2037/Hime-chan_no_Ribbon,1992-01 - 1993-01,7.68,3.0,310056.0,yes,https://myanimelist.net/manga/4998/Hime-chan_no_Ribbon,1990-01 - 1993-01,7.92,2,931722
74,Binbougami ga!,https://myanimelist.net/anime/13535/Binbougami_ga,2012-01 - 2012-01,7.67,3.0,232790.0,yes,https://myanimelist.net/manga/20242/Binbougami_ga,2008-01 - 2013-01,8.16,3,319391
75,Binbougami ga!,https://myanimelist.net/anime/13535/Binbougami_ga,2012-01 - 2012-01,7.67,3.0,232790.0,yes,https://myanimelist.net/manga/20242/Binbougami_ga,2008-01 - 2013-01,8.16,3,319391
76,Gokinjo Monogatari,https://myanimelist.net/anime/852/Gokinjo_Monogatari,1995-01 - 1996-01,7.67,1.0,626198.0,yes,https://myanimelist.net/manga/1216/Gokinjo_Monogatari,1995-01 - 1997-01,8.03,5,712090
77,Gokinjo Monogatari,https://myanimelist.net/anime/852/Gokinjo_Monogatari,1995-01 - 1996-01,7.67,1.0,626198.0,yes,https://myanimelist.net/manga/1216/Gokinjo_Monogatari,1995-01 - 1997-01,8.03,5,712090
78,Kami nomi zo Shiru Sekai,https://myanimelist.net/anime/8525/Kami_nomi_zo_Shiru_Sekai,2010-01 - 2010-01,7.65,2.0,628567.0,yes,https://myanimelist.net/manga/23032/Kami_nomi_zo_Shiru_Sekai,2009-01 - 2010-01,7.98,5,104149
79,Kami nomi zo Shiru Sekai,https://myanimelist.net/anime/8525/Kami_nomi_zo_Shiru_Sekai,2010-01 - 2010-01,7.65,2.0,628567.0,yes,https://myanimelist.net/manga/23032/Kami_nomi_zo_Shiru_Sekai,2009-01 - 2010-01,7.98,5,104149
80,Machikado Mazoku,https://myanimelist.net/anime/39071/Machikado_Mazoku,2019-01 - 2019-01,7.65,5.0,164966.0,yes,https://myanimelist.net/manga/108566/Machikado_Mazoku,2014-01,8.31,4,9142
81,Machikado Mazoku,https://myanimelist.net/anime/39071/Machikado_Mazoku,2019-01 - 2019-01,7.65,5.0,164966.0,yes,https://myanimelist.net/manga/108566/Machikado_Mazoku,2014-01,8.31,4,9142
82,Pandora Hearts,https://myanimelist.net/anime/5530/Pandora_Hearts,2009-01 - 2009-01,7.65,4.0,431873.0,yes,https://myanimelist.net/manga/3031/Pandora_Hearts,2006-01 - 2015-01,8.57,2,174734
83,Pandora Hearts,https://myanimelist.net/anime/5530/Pandora_Hearts,2009-01 - 2009-01,7.65,4.0,431873.0,yes,https://myanimelist.net/manga/3031/Pandora_Hearts,2006-01 - 2015-01,8.57,2,174734
84,Sidonia no Kishi,https://myanimelist.net/anime/19775/Sidonia_no_Kishi,2014-01 - 2014-01,7.64,4.0,231612.0,yes,https://myanimelist.net/manga/13723/Sidonia_no_Kishi,2009-01 - 2015-01,7.73,1,532580
85,Sidonia no Kishi,https://myanimelist.net/anime/19775/Sidonia_no_Kishi,2014-01 - 2014-01,7.64,4.0,231612.0,yes,https://myanimelist.net/manga/13723/Sidonia_no_Kishi,2009-01 - 2015-01,7.73,1,532580
86,Majo no Tabitabi,https://myanimelist.net/anime/40571/Majo_no_Tabitabi,2020-01 - 2020-01,7.56,2.0,400573.0,yes,https://myanimelist.net/manga/116831/Majo_no_Tabitabi,2018-01,7.77,4,5361
87,Majo no Tabitabi,https://myanimelist.net/anime/40571/Majo_no_Tabitabi,2020-01 - 2020-01,7.56,2.0,400573.0,yes,https://myanimelist.net/manga/116831/Majo_no_Tabitabi,2018-01,7.77,4,5361
88,Giant Killing,https://myanimelist.net/anime/7661/Giant_Killing,2010-01 - 2010-01,7.54,5.0,70788.0,yes,https://myanimelist.net/manga/13897/Giant_Killing,2007-01,8.01,1,12841
89,Giant Killing,https://myanimelist.net/anime/7661/Giant_Killing,2010-01 - 2010-01,7.54,5.0,70788.0,yes,https://myanimelist.net/manga/13897/Giant_Killing,2007-01,8.01,1,12841
90,D-Frag!,https://myanimelist.net/anime/20031/D-Frag,2014-01 - 2014-01,7.5,2.0,392301.0,yes,https://myanimelist.net/manga/14721/D-Frag,2008-01,7.99,2,30472
91,D-Frag!,https://myanimelist.net/anime/20031/D-Frag,2014-01 - 2014-01,7.5,2.0,392301.0,yes,https://myanimelist.net/manga/14721/D-Frag,2008-01,7.99,2,30472
92,Tensei Oujo to Tensai Reijou no Mahou Kakumei,https://myanimelist.net/anime/52736/Tensei_Oujo_to_Tensai_Reijou_no_Mahou_Kakumei,2023-01 - 2023-01,7.48,4.0,184651.0,yes,https://myanimelist.net/manga/130893/Tensei_Oujo_to_Tensai_Reijou_no_Mahou_Kakumei,2020-01,7.68,1,10619
93,Tensei Oujo to Tensai Reijou no Mahou Kakumei,https://myanimelist.net/anime/52736/Tensei_Oujo_to_Tensai_Reijou_no_Mahou_Kakumei,2023-01 - 2023-01,7.48,4.0,184651.0,yes,https://myanimelist.net/manga/130893/Tensei_Oujo_to_Tensai_Reijou_no_Mahou_Kakumei,2020-01,7.68,1,10619
94,Berserk,,,,,,no,https://myanimelist.net/manga/2/Berserk,1989-01,9.47,1,691806
95,JoJo no Kimyou na Bouken Part 7: Steel Ball Run,,,,,,no,https://myanimelist.net/manga/1706/JoJo_no_Kimyou_na_Bouken_Part_7__Steel_Ball_Run,2004-01 - 2011-01,9.3,2,266139
96,Vagabond,,,,,,no,https://myanimelist.net/manga/656/Vagabond,1998-01 - 2015-01,9.25,3,383132
97,Monster,,,,,,no,https://myanimelist.net/manga/1/Monster,1994-01 - 2001-01,9.16,5,246041
98,Vinland Saga,,,,,,no,https://myanimelist.net/manga/642/Vinland_Saga,2005-01,9.07,2,304724
99,Fullmetal Alchemist,,,,,,no,https://myanimelist.net/manga/25/Fullmetal_Alchemist,2001-01 - 2010-01,9.04,3,294260
100,Oyasumi Punpun,,,,,,no,https://myanimelist.net/manga/4632/Oyasumi_Punpun,2007-01 - 2013-01,9.01,5,444957
101,Kingdom,,,,,,no,https://myanimelist.net/manga/16765/Kingdom,2006-01,9.01,1,172302
102,Houseki no Kuni,,,,,,no,https://myanimelist.net/manga/44489/Houseki_no_Kuni,2012-01 - 2024-01,8.98,2,131880
103,Real,,,,,,no,https://myanimelist.net/manga/657/Real,1999-01,8.96,3,88751
104,20th Century Boys,,,,,,no,https://myanimelist.net/manga/3/20th_Century_Boys,1999-01 - 2006-01,8.95,4,258805
105,Ashita no Joe,,,,,,no,https://myanimelist.net/manga/1303/Ashita_no_Joe,1968-01 - 1973-01,8.95,5,352706
106,Chainsaw Man,,,,,,no,https://myanimelist.net/manga/116778/Chainsaw_Man,2018-01,8.72,1,616174
107,Shinyaku Toaru Majutsu no Index,,,,,,no,https://myanimelist.net/manga/24875/Shinyaku_Toaru_Majutsu_no_Index,2011-01 - 2019-01,8.72,3,915377
108,Koten-bu Series,,,,,,no,https://myanimelist.net/manga/35513/Koten-bu_Series,2001-01,8.72,4,18227
109,Fata Morgana no Yakata: Anata no Genten ni Itaru Monogatari,,,,,,no,https://myanimelist.net/manga/102875/Fata_Morgana_no_Yakata__Anata_no_Genten_ni_Itaru_Monogatari,2014-01 - 2016-01,8.71,5,163340
110,Utsuro no Hako to Zero no Maria,,,,,,no,https://myanimelist.net/manga/55215/Utsuro_no_Hako_to_Zero_no_Maria,2009-01 - 2015-01,8.71,1,102930
111,Kono Oto Tomare!,,,,,,no,https://myanimelist.net/manga/45143/Kono_Oto_Tomare,2012-01,8.7,2,43241
112,Beck,,,,,,no,https://myanimelist.net/manga/145/Beck,2000-01 - 2008-01,8.7,3,879325
113,Zaregoto Series,,,,,,no,https://myanimelist.net/manga/9726/Zaregoto_Series,2002-01,8.7,4,23716
114,Yokohama Kaidashi Kikou,,,,,,no,https://myanimelist.net/manga/4/Yokohama_Kaidashi_Kikou,1994-01 - 2006-01,8.69,5,674634
115,Death Note,,,,,,no,https://myanimelist.net/manga/21/Death_Note,2003-01 - 2006-01,8.69,1,395135
116,Bungou Stray Dogs: Beast,,,,,,no,https://myanimelist.net/manga/123006/Bungou_Stray_Dogs__Beast,2019-01 - 2022-01,8.68,5,214662
117,Shuumatsu Nani Shitemasu ka? Isogashii desu ka? Sukutte Moratte Ii desu ka?,,,,,,no,https://myanimelist.net/manga/81211/Shuumatsu_Nani_Shitemasu_ka_Isogashii_desu_ka_Sukutte_Moratte_Ii_desu_ka,2014-01 - 2016-01,8.6,1,625703
118,Shigatsu wa Kimi no Uso,,,,,,no,https://myanimelist.net/manga/37707/Shigatsu_wa_Kimi_no_Uso,2011-01 - 2015-01,8.6,2,580020
119,Shinseiki Evangelion,,,,,,no,https://myanimelist.net/manga/698/Shinseiki_Evangelion,1994-01 - 2013-01,8.59,3,113017
120,Kusuriya no Hitorigoto,,,,,,no,https://myanimelist.net/manga/107562/Kusuriya_no_Hitorigoto,2017-01,8.59,4,61619
121,Skip to Loafer,,,,,,no,https://myanimelist.net/manga/118289/Skip_to_Loafer,2018-01,8.59,5,36775
122,Umineko no Naku Koro ni,,,,,,no,https://myanimelist.net/manga/66517/Umineko_no_Naku_Koro_ni,2009-01 - 2010-01,8.59,1,106500
123,Wind Breaker,,,,,,no,https://myanimelist.net/manga/103237/Wind_Breaker,2013-01,8.58,2,51189
124,JoJo no Kimyou na Bouken Part 4: Diamond wa Kudakenai,,,,,,no,https://myanimelist.net/manga/3006/JoJo_no_Kimyou_na_Bouken_Part_4__Diamond_wa_Kudakenai,1992-01 - 1995-01,8.58,4,102865
125,Umineko no Naku Koro ni Chiru,,,,,,no,https://myanimelist.net/manga/79993/Umineko_no_Naku_Koro_ni_Chiru,2012-01 - 2018-01,8.57,3,183821
126,Medalist,,,,,,no,https://myanimelist.net/manga/129621/Medalist,2020-01,8.57,4,11389
127,Rurouni Kenshin: Meiji Kenkaku Romantan,,,,,,no,https://myanimelist.net/manga/22/Rurouni_Kenshin__Meiji_Kenkaku_Romantan,1994-01 - 1999-01,8.56,5,997934
128,Watashitachi no Shiawase na Jikan,,,,,,no,https://myanimelist.net/manga/11734/Watashitachi_no_Shiawase_na_Jikan,2008-01 - 2008-01,8.51,1,115681
129,Ouran Koukou Host Club,,,,,,no,https://myanimelist.net/manga/30/Ouran_Koukou_Host_Club,2002-01 - 2010-01,8.5,2,127599
130,Spirit Circle,,,,,,no,https://myanimelist.net/manga/38071/Spirit_Circle,2012-01 - 2016-01,8.5,3,644749
131,Tensei shitara Slime Datta Ken,,,,,,no,https://myanimelist.net/manga/87610/Tensei_shitara_Slime_Datta_Ken,2014-01,8.5,4,39097
132,Yubisaki to Renren,,,,,,no,https://myanimelist.net/manga/121504/Yubisaki_to_Renren,2019-01,8.5,5,46700
133,Vanitas no Karte,,,,,,no,https://myanimelist.net/manga/93753/Vanitas_no_Karte,2015-01,8.49,2,65399
134,"Ohayou, Ibarahime",,,,,,no,https://myanimelist.net/manga/88639/Ohayou_Ibarahime,2014-01 - 2017-01,8.49,3,735451
135,Cross Game,,,,,,no,https://myanimelist.net/manga/1183/Cross_Game,2005-01 - 2010-01,8.49,4,21312
136,Chikan Otoko,,,,,,no,https://myanimelist.net/manga/46282/Chikan_Otoko,2004-01 - 2004-01,8.49,5,447303
137,19 Tian,,,,,,no,https://myanimelist.net/manga/116312/19_Tian,2018-01,8.49,1,8821
138,Shimeji Simulation,,,,,,no,https://myanimelist.net/manga/117851/Shimeji_Simulation,2019-01 - 2023-01,8.49,2,318071
139,Kimi to Tsuzuru Utakata,,,,,,no,https://myanimelist.net/manga/128365/Kimi_to_Tsuzuru_Utakata,2020-01 - 2024-01,8.49,3,413912
140,The Greatest Estate Developer,,,,,,no,https://myanimelist.net/manga/147272/The_Greatest_Estate_Developer,2021-01,8.49,4,20369
141,Tomodachi Game,,,,,,no,https://myanimelist.net/manga/62795/Tomodachi_Game,2013-01,8.44,1,72945
142,Shiori Experience: Jimi na Watashi to Hen na Ojisan,,,,,,no,https://myanimelist.net/manga/87397/Shiori_Experience__Jimi_na_Watashi_to_Hen_na_Ojisan,2013-01,8.44,2,18921
143,Dragon Ball,,,,,,no,https://myanimelist.net/manga/42/Dragon_Ball,1984-01 - 1995-01,8.43,3,161184
144,Mugen no Juunin,,,,,,no,https://myanimelist.net/manga/658/Mugen_no_Juunin,1993-01 - 2012-01,8.43,4,281590
145,Ten: Tenhou-doori no Kaidanji,,,,,,no,https://myanimelist.net/manga/3571/Ten__Tenhou-doori_no_Kaidanji,1989-01 - 2002-01,8.43,5,25926
146,Innocent Rouge,,,,,,no,https://myanimelist.net/manga/93699/Innocent_Rouge,2015-01 - 2020-01,8.43,2,28848
147,Eleceed,,,,,,no,https://myanimelist.net/manga/147171/Eleceed,2018-01,8.43,3,23593
148,No.6,,,,,,no,https://myanimelist.net/manga/26728/No6,2003-01 - 2011-01,8.43,4,121262
149,Horimiya,,,,,,no,https://myanimelist.net/manga/42451/Horimiya,2011-01 - 2021-01,8.42,5,335827
150,"Mata, Onaji Yume wo Miteita",,,,,,no,https://myanimelist.net/manga/110160/Mata_Onaji_Yume_wo_Miteita,2017-01 - 2018-01,8.42,2,821442
151,Hirano to Kagiura,,,,,,no,https://myanimelist.net/manga/119279/Hirano_to_Kagiura,2019-01,8.42,3,9472
152,After School Lessons for Unripe Apples,,,,,,no,https://myanimelist.net/manga/147448/After_School_Lessons_for_Unripe_Apples,2020-01,8.42,4,4136
153,Gunnm,,,,,,no,https://myanimelist.net/manga/768/Gunnm,1990-01 - 1995-01,8.41,5,583007
154,Saikyou Densetsu Kurosawa,,,,,,no,https://myanimelist.net/manga/3575/Saikyou_Densetsu_Kurosawa,2003-01 - 2006-01,8.37,1,625758
155,Kyoukaisenjou no Horizon,,,,,,no,https://myanimelist.net/manga/24464/Kyoukaisenjou_no_Horizon,2008-01 - 2018-01,8.37,2,186153
156,Youjo Senki,,,,,,no,https://myanimelist.net/manga/98436/Youjo_Senki,2016-01,8.37,5,27481
157,Mushishi Tokubetsu-hen: Hihamukage,,,,,,no,https://myanimelist.net/manga/62023/Mushishi_Tokubetsu-hen__Hihamukage,2013-01 - 2013-01,8.37,1,135733
158,Look Back,,,,,,no,https://myanimelist.net/manga/138673/Look_Back,2021-01 - 2021-01,8.37,2,191582
159,Watashi no Oshi wa Akuyaku Reijou.: Revolution,,,,,,no,https://myanimelist.net/manga/138424/Watashi_no_Oshi_wa_Akuyaku_Reijou__Revolution,2021-01,8.36,3,5060
160,Kininatteru Hito ga Otoko ja Nakatta,,,,,,no,https://myanimelist.net/manga/155861/Kininatteru_Hito_ga_Otoko_ja_Nakatta,2023-01,8.36,4,17946
161,Touhou Ibara Kasen: Wild and Horned Hermit.,,,,,,no,https://myanimelist.net/manga/21054/Touhou_Ibara_Kasen__Wild_and_Horned_Hermit,2010-01 - 2019-01,8.36,5,197890
162,The Breaker: New Waves,,,,,,no,https://myanimelist.net/manga/22651/The_Breaker__New_Waves,2010-01 - 2015-01,8.36,1,593149
163,Versailles no Bara,,,,,,no,https://myanimelist.net/manga/660/Versailles_no_Bara,1972-01 - 1973-01,8.36,2,317453
164,Kanata kara,,,,,,no,https://myanimelist.net/manga/923/Kanata_kara,1991-01 - 2003-01,8.36,3,315831
165,Homunculus,,,,,,no,https://myanimelist.net/manga/936/Homunculus,2003-01 - 2011-01,8.36,4,135951
166,Fate/strange Fake,,,,,,no,https://myanimelist.net/manga/83903/Fate_strange_Fake,2015-01,8.36,5,9603
167,Fate/strange Fake,,,,,,no,https://myanimelist.net/manga/83923/Fate_strange_Fake,2015-01,8.01,1,8712
168,Fate/strange Fake,,,,,,no,https://myanimelist.net/manga/83903/Fate_strange_Fake,2015-01,8.36,5,9603
169,Fate/strange Fake,,,,,,no,https://myanimelist.net/manga/83923/Fate_strange_Fake,2015-01,8.01,1,8712
170,Bleach: Can't Fear Your Own World,,,,,,no,https://myanimelist.net/manga/106602/Bleach__Cant_Fear_Your_Own_World,2017-01 - 2018-01,8.31,2,187336
171,Koko wa Ima kara Rinri desu.,,,,,,no,https://myanimelist.net/manga/106809/Koko_wa_Ima_kara_Rinri_desu,2016-01,8.31,3,26324
172,Sora wa Akai Kawa no Hotori,,,,,,no,https://myanimelist.net/manga/79/Sora_wa_Akai_Kawa_no_Hotori,1995-01 - 2002-01,8.31,5,223913
173,Shin Angyo Onshi,,,,,,no,https://myanimelist.net/manga/736/Shin_Angyo_Onshi,2001-01 - 2007-01,8.31,1,734819
174,Death Note Another Note: Los Angeles BB Renzoku Satsujin Jiken,,,,,,no,https://myanimelist.net/manga/7458/Death_Note_Another_Note__Los_Angeles_BB_Renzoku_Satsujin_Jiken,2006-01 - 2006-01,8.31,2,635380
175,Toaru Majutsu no Index Gaiden: Toaru Kagaku no Railgun,,,,,,no,https://myanimelist.net/manga/7776/Toaru_Majutsu_no_Index_Gaiden__Toaru_Kagaku_no_Railgun,2007-01,8.31,3,29006
176,Higurashi no Naku Koro ni Kai: Minagoroshi-hen,,,,,,no,https://myanimelist.net/manga/9548/Higurashi_no_Naku_Koro_ni_Kai__Minagoroshi-hen,2008-01 - 2010-01,8.31,4,11137
177,Doukyuusei,,,,,,no,https://myanimelist.net/manga/9699/Doukyuusei,2006-01 - 2007-01,8.31,5,739187
178,Love So Life,,,,,,no,https://myanimelist.net/manga/14236/Love_So_Life,2008-01 - 2015-01,8.31,1,559398
179,Tsubasa: RESERVoir CHRoNiCLE,,,,,,no,https://myanimelist.net/manga/9/Tsubasa__RESERVoir_CHRoNiCLE,2003-01 - 2009-01,8.3,2,979819
180,Paradise Kiss,,,,,,no,https://myanimelist.net/manga/29/Paradise_Kiss,1999-01 - 2003-01,8.3,3,352393
181,Blame!,,,,,,no,https://myanimelist.net/manga/149/Blame,1997-01 - 2003-01,8.3,4,152882
182,Hellsing,,,,,,no,https://myanimelist.net/manga/267/Hellsing,1997-01 - 2008-01,8.3,5,895620
183,Trigun Maximum,,,,,,no,https://myanimelist.net/manga/704/Trigun_Maximum,1997-01 - 2007-01,8.28,1,728911
184,Liar Game,,,,,,no,https://myanimelist.net/manga/1649/Liar_Game,2005-01 - 2015-01,8.28,3,113456
185,Komatta Toki ni wa Hoshi ni Kike,,,,,,no,https://myanimelist.net/manga/2459/Komatta_Toki_ni_wa_Hoshi_ni_Kike,1997-01 - 2005-01,8.28,4,57898
186,Kamigami no Itadaki,,,,,,no,https://myanimelist.net/manga/4625/Kamigami_no_Itadaki,2000-01 - 2003-01,8.28,5,314754
187,Dengeki Daisy,,,,,,no,https://myanimelist.net/manga/5255/Dengeki_Daisy,2007-01 - 2013-01,8.28,1,117926
188,Crows,,,,,,no,https://myanimelist.net/manga/5651/Crows,1990-01 - 1998-01,8.28,2,826497
189,Hana to Akuma,,,,,,no,https://myanimelist.net/manga/6520/Hana_to_Akuma,2007-01 - 2010-01,8.28,3,44167
190,Non Non Biyori,,,,,,no,https://myanimelist.net/manga/17552/Non_Non_Biyori,2009-01 - 2021-01,8.28,4,112080
191,No Home,,,,,,no,https://myanimelist.net/manga/147769/No_Home,2018-01,8.28,5,2371
192,Higurashi no Naku Koro ni Kai - Dai 2-wa: Tsumihoroboshi-hen,,,,,,no,https://myanimelist.net/manga/77573/Higurashi_no_Naku_Koro_ni_Kai_-_Dai_2-wa__Tsumihoroboshi-hen,2008-01 - 2008-01,8.28,1,81131
193,Tokyo Ghoul:re,,,,,,no,https://myanimelist.net/manga/81117/Tokyo_Ghoul_re,2014-01 - 2018-01,8.28,2,285902
194,Jigokuraku,,,,,,no,https://myanimelist.net/manga/112318/Jigokuraku,2018-01 - 2021-01,8.27,3,159460
195,Toradora!,,,,,,no,https://myanimelist.net/manga/7149/Toradora,2006-01 - 2009-01,8.27,4,927287
196,Magi,,,,,,no,https://myanimelist.net/manga/14790/Magi,2009-01 - 2017-01,8.27,5,149785
197,Ghost Hunt,,,,,,no,https://myanimelist.net/manga/158/Ghost_Hunt,1997-01 - 2010-01,8.24,1,15754
198,Genshiken,,,,,,no,https://myanimelist.net/manga/348/Genshiken,2002-01 - 2016-01,8.24,2,640532
199,Cat Street,,,,,,no,https://myanimelist.net/manga/1802/Cat_Street,2004-01 - 2007-01,8.24,3,733600
200,Hikari to Tomo ni...: Jiheishouji wo Kakaete,,,,,,no,https://myanimelist.net/manga/4258/Hikari_to_Tomo_ni__Jiheishouji_wo_Kakaete,2000-01 - 2009-01,8.24,4,95692
201,Koimonogatari,,,,,,no,https://myanimelist.net/manga/92252/Koimonogatari,2013-01,8.24,5,14726
202,Majo to Yajuu,,,,,,no,https://myanimelist.net/manga/106204/Majo_to_Yajuu,2016-01 - 2023-01,8.24,1,316090
203,Kaichou wa Maid-sama!: Marriage,,,,,,no,https://myanimelist.net/manga/103989/Kaichou_wa_Maid-sama__Marriage,2013-01 - 2018-01,8.23,2,816411
204,Feng Shen Ji II,,,,,,no,https://myanimelist.net/manga/43915/Feng_Shen_Ji_II,2011-01 - 2012-01,8.23,3,213485
205,Feng Shen Ji III,,,,,,no,https://myanimelist.net/manga/44711/Feng_Shen_Ji_III,2012-01 - 2014-01,8.23,4,410724
206,Yugami-kun ni wa Tomodachi ga Inai,,,,,,no,https://myanimelist.net/manga/62547/Yugami-kun_ni_wa_Tomodachi_ga_Inai,2012-01 - 2019-01,8.23,5,928379
207,Higurashi no Naku Koro ni - Dai 3-wa: Tatarigoroshi-hen,,,,,,no,https://myanimelist.net/manga/77465/Higurashi_no_Naku_Koro_ni_-_Dai_3-wa__Tatarigoroshi-hen,2007-01 - 2008-01,8.23,1,81526
208,Higurashi no Naku Koro ni Kai - Dai 3-wa: Minagoroshi-hen,,,,,,no,https://myanimelist.net/manga/77575/Higurashi_no_Naku_Koro_ni_Kai_-_Dai_3-wa__Minagoroshi-hen,2008-01 - 2008-01,8.23,2,81119
209,Shonan Junai Gumi!,,,,,,no,https://myanimelist.net/manga/445/Shonan_Junai_Gumi,1990-01 - 1996-01,8.23,3,621712
210,Hourou Musuko,,,,,,no,https://myanimelist.net/manga/585/Hourou_Musuko,2002-01 - 2013-01,8.23,4,329179
211,Eden: It's an Endless World!,,,,,,no,https://myanimelist.net/manga/731/Eden__Its_an_Endless_World,1997-01 - 2008-01,8.23,5,860105
212,H2,,,,,,no,https://myanimelist.net/manga/1014/H2,1992-01 - 1999-01,8.2,1,911232
213,Adolf ni Tsugu,,,,,,no,https://myanimelist.net/manga/1695/Adolf_ni_Tsugu,1982-01 - 1985-01,8.2,2,523363
214,Megumi no Daigo,,,,,,no,https://myanimelist.net/manga/5711/Megumi_no_Daigo,1995-01 - 1999-01,8.2,3,993192
215,Sengoku Youko,,,,,,no,https://myanimelist.net/manga/8070/Sengoku_Youko,2007-01 - 2016-01,8.2,4,618353
216,Dr. Stone,,,,,,no,https://myanimelist.net/manga/103897/Dr_Stone,2017-01 - 2023-01,8.2,5,191161
217,Kimetsu no Yaiba,,,,,,no,https://myanimelist.net/manga/96792/Kimetsu_no_Yaiba,2016-01 - 2020-01,8.19,1,439345
218,Mahou Shoujo Ikusei Keikaku,,,,,,no,https://myanimelist.net/manga/72353/Mahou_Shoujo_Ikusei_Keikaku,2012-01,8.19,2,5306
219,High Score Girl,,,,,,no,https://myanimelist.net/manga/44501/High_Score_Girl,2010-01 - 2018-01,8.19,3,818733
220,xxxHOLiC: Rei,,,,,,no,https://myanimelist.net/manga/46010/xxxHOLiC__Rei,2013-01 - 2017-01,8.19,4,713535
221,Fushigi Neko no Kyuu-chan,,,,,,no,https://myanimelist.net/manga/112694/Fushigi_Neko_no_Kyuu-chan,2018-01,8.19,5,7736
222,Gunnm: Last Order,,,,,,no,https://myanimelist.net/manga/770/Gunnm__Last_Order,2001-01 - 2014-01,8.19,1,424257
223,City Hunter,,,,,,no,https://myanimelist.net/manga/792/City_Hunter,1985-01 - 1991-01,8.18,2,115901
224,Koori no Mamono no Monogatari,,,,,,no,https://myanimelist.net/manga/1982/Koori_no_Mamono_no_Monogatari,1995-01 - 2003-01,8.18,3,34426
225,Touhou Shinigami: Meteor Methuselah Gaiden,,,,,,no,https://myanimelist.net/manga/10865/Touhou_Shinigami__Meteor_Methuselah_Gaiden,2004-01 - 2007-01,8.18,5,75420
226,Otouto no Otto,,,,,,no,https://myanimelist.net/manga/80375/Otouto_no_Otto,2014-01 - 2017-01,8.16,1,712765
227,Hidamari ga Kikoeru,,,,,,no,https://myanimelist.net/manga/84255/Hidamari_ga_Kikoeru,2013-01 - 2014-01,8.16,2,432082
228,Dai Densetsu no Yuusha no Densetsu,,,,,,no,https://myanimelist.net/manga/21784/Dai_Densetsu_no_Yuusha_no_Densetsu,2007-01,8.16,4,3026
229,No.6 Beyond,,,,,,no,https://myanimelist.net/manga/45885/No6_Beyond,2012-01 - 2012-01,8.16,5,124777
230,Ao Haru Ride,,,,,,no,https://myanimelist.net/manga/33297/Ao_Haru_Ride,2011-01 - 2015-01,8.15,1,525506
231,Feng Shen Ji,,,,,,no,https://myanimelist.net/manga/43913/Feng_Shen_Ji,2010-01 - 2011-01,8.15,2,126813
232,Doukyuusei: Gold Ring & Silver Ring,,,,,,no,https://myanimelist.net/manga/102703/Doukyuusei__Gold_Ring___Silver_Ring,2016-01 - 2016-01,8.15,3,168039
233,See You in My 19th Life,,,,,,no,https://myanimelist.net/manga/147062/See_You_in_My_19th_Life,2020-01 - 2022-01,8.15,4,229685
234,God Child,,,,,,no,https://myanimelist.net/manga/635/God_Child,2001-01 - 2003-01,8.15,1,319405
235,Sayonara Zetsubou Sensei,,,,,,no,https://myanimelist.net/manga/661/Sayonara_Zetsubou_Sensei,2005-01 - 2012-01,8.15,2,230683
236,Fushigi Yuugi: Genbu Kaiden,,,,,,no,https://myanimelist.net/manga/929/Fushigi_Yuugi__Genbu_Kaiden,2003-01 - 2013-01,8.15,3,312674
237,Shiawase Kissa 3-choume,,,,,,no,https://myanimelist.net/manga/1110/Shiawase_Kissa_3-choume,2004-01 - 2009-01,8.15,4,918783
238,JoJo no Kimyou na Bouken Part 2: Sentou Chouryuu,,,,,,no,https://myanimelist.net/manga/1630/JoJo_no_Kimyou_na_Bouken_Part_2__Sentou_Chouryuu,1987-01 - 1989-01,8.15,5,105212
239,Gokushufudou,,,,,,no,https://myanimelist.net/manga/112922/Gokushufudou,2018-01,8.13,1,125988
240,A Stepmother's Märchen,,,,,,no,https://myanimelist.net/manga/131008/A_Stepmothers_Märchen,2019-01,8.13,2,14359
241,Romance 101,,,,,,no,https://myanimelist.net/manga/131799/Romance_101,2018-01 - 2021-01,8.13,3,215710
242,Hakumei to Mikochi,,,,,,no,https://myanimelist.net/manga/80841/Hakumei_to_Mikochi,2011-01,8.13,4,8377
243,Cardcaptor Sakura: Clear Card-hen,,,,,,no,https://myanimelist.net/manga/98374/Cardcaptor_Sakura__Clear_Card-hen,2016-01 - 2024-01,8.13,5,416646
244,Something About Us,,,,,,no,https://myanimelist.net/manga/96573/Something_About_Us,2014-01 - 2016-01,8.12,1,628242
245,Sabishisugite Lesbian Fuuzoku ni Ikimashita Report,,,,,,no,https://myanimelist.net/manga/99969/Sabishisugite_Lesbian_Fuuzoku_ni_Ikimashita_Report,2016-01 - 2016-01,8.12,2,650614
246,Cheese in the Trap Season 3,,,,,,no,https://myanimelist.net/manga/107875/Cheese_in_the_Trap_Season_3,2013-01 - 2015-01,8.12,3,159429
247,Hitori Koukan Nikki,,,,,,no,https://myanimelist.net/manga/107948/Hitori_Koukan_Nikki,2016-01 - 2017-01,8.12,4,717034
248,Runway de Waratte,,,,,,no,https://myanimelist.net/manga/108696/Runway_de_Waratte,2017-01 - 2021-01,8.12,5,116554
249,Kocchi Muite! Miiko,,,,,,no,https://myanimelist.net/manga/20554/Kocchi_Muite_Miiko,1995-01,8.12,1,1196
250,Hikaru no Go,,,,,,no,https://myanimelist.net/manga/20/Hikaru_no_Go,1998-01 - 2003-01,8.12,2,346251
251,X,,,,,,no,https://myanimelist.net/manga/27/X,1992-01 - 2003-01,8.12,3,325356
252,Kindaichi Shounen no Jikenbo: File Series,,,,,,no,https://myanimelist.net/manga/393/Kindaichi_Shounen_no_Jikenbo__File_Series,1992-01 - 1997-01,8.12,5,976808
253,Getter Robo Go,,,,,,no,https://myanimelist.net/manga/10447/Getter_Robo_Go,1991-01 - 1992-01,8.1,1,923405
254,Karakai Jouzu no Takagi-san,,,,,,no,https://myanimelist.net/manga/78537/Karakai_Jouzu_no_Takagi-san,2012-01 - 2023-01,8.1,2,378276
255,Ultra Heaven,,,,,,no,https://myanimelist.net/manga/18570/Ultra_Heaven,2001-01 - 2009-01,8.1,3,918563
256,Ran to Haiiro no Sekai,,,,,,no,https://myanimelist.net/manga/22986/Ran_to_Haiiro_no_Sekai,2008-01 - 2015-01,8.1,4,529468
257,Donten ni Warau,,,,,,no,https://myanimelist.net/manga/26178/Donten_ni_Warau,2010-01 - 2013-01,8.1,5,323105
258,Ouran Koukou Host Club University Special,,,,,,no,https://myanimelist.net/manga/27029/Ouran_Koukou_Host_Club_University_Special,2011-01 - 2011-01,8.1,1,117551
259,Noblesse,,,,,,no,https://myanimelist.net/manga/29983/Noblesse,2007-01 - 2019-01,8.1,2,107806
260,Kokoro Connect,,,,,,no,https://myanimelist.net/manga/24380/Kokoro_Connect,2010-01 - 2013-01,8.09,3,311394
261,Kase-san Series,,,,,,no,https://myanimelist.net/manga/38105/Kase-san_Series,2010-01 - 2017-01,8.09,5,733745
262,K: Memory of Red,,,,,,no,https://myanimelist.net/manga/41435/K__Memory_of_Red,2012-01 - 2013-01,8.09,1,310902
263,Hyouka,,,,,,no,https://myanimelist.net/manga/41629/Hyouka,2012-01,8.09,2,18616
264,One Room Angel,,,,,,no,https://myanimelist.net/manga/119931/One_Room_Angel,2017-01 - 2018-01,8.09,3,185895
265,Jibaku Shounen Hanako-kun 0,,,,,,no,https://myanimelist.net/manga/124094/Jibaku_Shounen_Hanako-kun_0,2014-01 - 2014-01,8.09,4,410717
266,Sakamoto Days,,,,,,no,https://myanimelist.net/manga/131334/Sakamoto_Days,2020-01,8.09,5,101531
267,Baraou no Souretsu,,,,,,no,https://myanimelist.net/manga/61097/Baraou_no_Souretsu,2013-01 - 2022-01,8.06,1,218680
268,Dogs: Bullets & Carnage,,,,,,no,https://myanimelist.net/manga/648/Dogs__Bullets___Carnage,2005-01 - 2015-01,8.06,2,535519
269,Let Dai,,,,,,no,https://myanimelist.net/manga/1033/Let_Dai,1995-01 - 2005-01,8.06,3,59307
270,Higurashi no Naku Koro ni: Tatarigoroshi-hen,,,,,,no,https://myanimelist.net/manga/1260/Higurashi_no_Naku_Koro_ni__Tatarigoroshi-hen,2005-01 - 2006-01,8.06,4,614076
271,Hidamari Sketch,,,,,,no,https://myanimelist.net/manga/1362/Hidamari_Sketch,2004-01,8.06,5,6945
272,Hotarubi no Mori e,,,,,,no,https://myanimelist.net/manga/3282/Hotarubi_no_Mori_e,2002-01 - 2003-01,8.06,1,320684
273,Yamamoto Zenjirou to Moushimasu,,,,,,no,https://myanimelist.net/manga/5775/Yamamoto_Zenjirou_to_Moushimasu,2007-01 - 2011-01,8.06,2,116720
274,Ashita no Ousama,,,,,,no,https://myanimelist.net/manga/8742/Ashita_no_Ousama,1996-01 - 2001-01,8.06,3,14203
275,Ginga Tetsudou 999 (1996),,,,,,no,https://myanimelist.net/manga/9705/Ginga_Tetsudou_999_1996,1996-01 - 2004-01,8.06,4,42520
276,Kingdom Hearts: 358/2 Days,,,,,,no,https://myanimelist.net/manga/15104/Kingdom_Hearts__358_2_Days,2009-01 - 2012-01,8.06,5,211475
277,Hokuhokusei ni Kumo to Ike,,,,,,no,https://myanimelist.net/manga/97179/Hokuhokusei_ni_Kumo_to_Ike,2016-01,8.06,1,9317
278,Cheese in the Trap Season 2,,,,,,no,https://myanimelist.net/manga/107417/Cheese_in_the_Trap_Season_2,2011-01 - 2012-01,8.06,2,210099
279,Shuumatsu no Walküre,,,,,,no,https://myanimelist.net/manga/110485/Shuumatsu_no_Walküre,2017-01,8.06,3,135547
280,Winter Woods,,,,,,no,https://myanimelist.net/manga/113671/Winter_Woods,2014-01 - 2017-01,8.06,4,179052
281,Houkago Shounen Hanako-kun,,,,,,no,https://myanimelist.net/manga/121209/Houkago_Shounen_Hanako-kun,2018-01,8.06,5,7016
282,Boruto: Two Blue Vortex,,,,,,no,https://myanimelist.net/manga/160786/Boruto__Two_Blue_Vortex,2023-01,8.04,1,22810
283,Rough,,,,,,no,https://myanimelist.net/manga/1184/Rough,1987-01 - 1989-01,8.04,2,896756
284,Golgo 13,,,,,,no,https://myanimelist.net/manga/1298/Golgo_13,1968-01,8.04,3,6419
285,Candy Candy,,,,,,no,https://myanimelist.net/manga/1388/Candy_Candy,1975-01 - 1979-01,8.04,4,794776
286,Vassalord.,,,,,,no,https://myanimelist.net/manga/3076/Vassalord,2004-01 - 2013-01,8.04,1,316140
287,Adekan,,,,,,no,https://myanimelist.net/manga/11914/Adekan,2007-01,8.04,2,10038
288,Saiyuuki Reload Blast,,,,,,no,https://myanimelist.net/manga/14978/Saiyuuki_Reload_Blast,2009-01,8.04,3,4220
289,Karakuri Circus,,,,,,no,https://myanimelist.net/manga/868/Karakuri_Circus,1997-01 - 2006-01,8.03,4,68462
290,Tobaku Haouden Zero,,,,,,no,https://myanimelist.net/manga/3576/Tobaku_Haouden_Zero,2007-01 - 2009-01,8.03,1,96688
291,Boku no Hatsukoi wo Kimi ni Sasagu,,,,,,no,https://myanimelist.net/manga/4207/Boku_no_Hatsukoi_wo_Kimi_ni_Sasagu,2005-01 - 2008-01,8.03,2,821689
292,Moribito Series,,,,,,no,https://myanimelist.net/manga/12070/Moribito_Series,1996-01 - 2007-01,8.03,3,73172
293,Touhou Kourindou: Curiosities of Lotus Asia.,,,,,,no,https://myanimelist.net/manga/14466/Touhou_Kourindou__Curiosities_of_Lotus_Asia,2004-01 - 2007-01,8.03,4,72826
294,Seiyuu Ka!,,,,,,no,https://myanimelist.net/manga/14633/Seiyuu_Ka,2009-01 - 2013-01,8.03,5,315224
295,High School DxD DX,,,,,,no,https://myanimelist.net/manga/87375/High_School_DxD_DX,2011-01,8.01,2,2785
296,Kekkaishi,,,,,,no,https://myanimelist.net/manga/105/Kekkaishi,2004-01 - 2011-01,8.01,3,130232
297,Shigeshoushi,,,,,,no,https://myanimelist.net/manga/544/Shigeshoushi,2002-01 - 2013-01,8.01,4,314248
298,MeruPuri: Märchen☆Prince,,,,,,no,https://myanimelist.net/manga/665/MeruPuri__Märchen☆Prince,2002-01 - 2004-01,8.01,5,423747
299,Sunadokei,,,,,,no,https://myanimelist.net/manga/1506/Sunadokei,2003-01 - 2006-01,8.01,2,615479
300,Shoukoku no Altair,,,,,,no,https://myanimelist.net/manga/1605/Shoukoku_no_Altair,2007-01 - 2023-01,8.01,3,313821
301,Kaijuu no Kodomo,,,,,,no,https://myanimelist.net/manga/5655/Kaijuu_no_Kodomo,2005-01 - 2011-01,8.01,4,116354
302,Toshokan Sensou: Love & War,,,,,,no,https://myanimelist.net/manga/7630/Toshokan_Sensou__Love___War,2007-01 - 2015-01,8.01,5,157594
303,Hidamari no Ki,,,,,,no,https://myanimelist.net/manga/14689/Hidamari_no_Ki,1981-01 - 1986-01,8.01,2,861572
304,Usemono Yado,,,,,,no,https://myanimelist.net/manga/89553/Usemono_Yado,2014-01 - 2015-01,8.01,3,159013
305,Seitokai Yakuindomo,,,,,,no,https://myanimelist.net/manga/14110/Seitokai_Yakuindomo,2007-01 - 2021-01,7.99,1,123245
306,Life,,,,,,no,https://myanimelist.net/manga/407/Life,2002-01 - 2009-01,7.98,3,918401
307,Mekakushi no Kuni,,,,,,no,https://myanimelist.net/manga/907/Mekakushi_no_Kuni,1998-01 - 2004-01,7.98,4,410194
308,Bokura ga Ita,,,,,,no,https://myanimelist.net/manga/1031/Bokura_ga_Ita,2002-01 - 2012-01,7.98,5,248914
309,Haruka na Machi e,,,,,,no,https://myanimelist.net/manga/3258/Haruka_na_Machi_e,1998-01 - 1998-01,7.98,1,821141
310,Shoot!,,,,,,no,https://myanimelist.net/manga/4222/Shoot,1990-01 - 1996-01,7.98,2,961117
311,Touhou Bougetsushou: Cage in Lunatic Runagate.,,,,,,no,https://myanimelist.net/manga/5373/Touhou_Bougetsushou__Cage_in_Lunatic_Runagate,2007-01 - 2009-01,7.98,3,92355
312,Hyouge Mono,,,,,,no,https://myanimelist.net/manga/5380/Hyouge_Mono,2005-01 - 2017-01,7.98,4,172680
313,Nurarihyon no Mago,,,,,,no,https://myanimelist.net/manga/5664/Nurarihyon_no_Mago,2008-01 - 2012-01,7.98,5,242904
314,Strobe Edge,,,,,,no,https://myanimelist.net/manga/7378/Strobe_Edge,2007-01 - 2010-01,7.98,1,65283
315,Kattobi Itto,,,,,,no,https://myanimelist.net/manga/11643/Kattobi_Itto,1986-01 - 1999-01,7.98,2,991064
316,Gekiga Hyouryuu,,,,,,no,https://myanimelist.net/manga/13419/Gekiga_Hyouryuu,2008-01 - 2008-01,7.98,3,86621
317,Super Lovers,,,,,,no,https://myanimelist.net/manga/17706/Super_Lovers,2009-01,7.98,4,23307
318,Boku no Hero Academia the Movie: Heroes:Rising,,,,,,no,https://myanimelist.net/manga/133057/Boku_no_Hero_Academia_the_Movie__Heroes_Rising,2019-01 - 2019-01,7.97,1,192544
319,Tsuki ga Michibiku Isekai Douchuu,,,,,,no,https://myanimelist.net/manga/90118/Tsuki_ga_Michibiku_Isekai_Douchuu,2013-01,7.97,2,9620
320,Shuumatsu Nani Shitemasu ka? Isogashii desu ka? Sukutte Moratte Ii desu ka? Ex,,,,,,no,https://myanimelist.net/manga/103722/Shuumatsu_Nani_Shitemasu_ka_Isogashii_desu_ka_Sukutte_Moratte_Ii_desu_ka_Ex,2017-01 - 2017-01,7.97,3,172314
321,Queen's Quality,,,,,,no,https://myanimelist.net/manga/90334/Queens_Quality,2015-01,7.96,4,11845
322,Bokutachi ga Yarimashita,,,,,,no,https://myanimelist.net/manga/94919/Bokutachi_ga_Yarimashita,2015-01 - 2017-01,7.96,5,724595
323,Maoujou de Oyasumi,,,,,,no,https://myanimelist.net/manga/98639/Maoujou_de_Oyasumi,2016-01,7.96,2,20541
324,Nousatsu Junkie,,,,,,no,https://myanimelist.net/manga/164/Nousatsu_Junkie,2003-01 - 2008-01,7.96,3,812562
325,Kimi wa Pet,,,,,,no,https://myanimelist.net/manga/392/Kimi_wa_Pet,2000-01 - 2005-01,7.96,4,522056
326,Tsuki no Shippo,,,,,,no,https://myanimelist.net/manga/888/Tsuki_no_Shippo,2003-01 - 2007-01,7.96,5,711184
327,Ludwig Kakumei,,,,,,no,https://myanimelist.net/manga/975/Ludwig_Kakumei,1998-01 - 2007-01,7.96,1,712723
328,Deep Love: Ayu no Monogatari,,,,,,no,https://myanimelist.net/manga/1250/Deep_Love__Ayu_no_Monogatari,2004-01 - 2004-01,7.96,2,418053
329,Kirihito Sanka,,,,,,no,https://myanimelist.net/manga/1344/Kirihito_Sanka,1970-01 - 1971-01,7.96,3,716714
330,Black Jack ni Yoroshiku,,,,,,no,https://myanimelist.net/manga/1668/Black_Jack_ni_Yoroshiku,2002-01 - 2006-01,7.96,4,65674
331,Psyren,,,,,,no,https://myanimelist.net/manga/3438/Psyren,2007-01 - 2010-01,7.96,5,94217
332,Shinohayu: the Dawn of Age,,,,,,no,https://myanimelist.net/manga/56435/Shinohayu__the_Dawn_of_Age,2013-01,7.95,2,1546
333,Saenai Heroine no Sodatekata: Koisuru Metronome,,,,,,no,https://myanimelist.net/manga/62083/Saenai_Heroine_no_Sodatekata__Koisuru_Metronome,2013-01 - 2018-01,7.95,3,811266
334,Namaikizakari.,,,,,,no,https://myanimelist.net/manga/67645/Namaikizakari,2013-01 - 2021-01,7.94,5,176309
335,GTO: Paradise Lost,,,,,,no,https://myanimelist.net/manga/70589/GTO__Paradise_Lost,2014-01,7.94,2,16483
336,"Shuumatsu Nani Shitemasu ka? Mou Ichido dake, Aemasu ka?",,,,,,no,https://myanimelist.net/manga/97643/Shuumatsu_Nani_Shitemasu_ka_Mou_Ichido_dake_Aemasu_ka,2016-01 - 2021-01,7.94,3,214750
337,Mayo Chiki!,,,,,,no,https://myanimelist.net/manga/23192/Mayo_Chiki,2009-01 - 2012-01,7.94,4,127688
338,Rockman Gigamix,,,,,,no,https://myanimelist.net/manga/24302/Rockman_Gigamix,2009-01 - 2010-01,7.94,5,101127
339,Cheese in the Trap Season 1,,,,,,no,https://myanimelist.net/manga/37705/Cheese_in_the_Trap_Season_1,2010-01 - 2011-01,7.94,1,126055
340,Dr. Frost,,,,,,no,https://myanimelist.net/manga/40345/Dr_Frost,2011-01 - 2021-01,7.94,2,112357
341,Sword Art Online: Progressive,,,,,,no,https://myanimelist.net/manga/52277/Sword_Art_Online__Progressive,2013-01 - 2018-01,7.94,3,821094
342,Usuzumi no Hate,,,,,,no,https://myanimelist.net/manga/146207/Usuzumi_no_Hate,2022-01,7.94,4,7224
343,Goblin Slayer Gaiden: Year One,,,,,,no,https://myanimelist.net/manga/109608/Goblin_Slayer_Gaiden__Year_One,2017-01,7.94,5,25677
344,Unholy Blood,,,,,,no,https://myanimelist.net/manga/131843/Unholy_Blood,2020-01 - 2021-01,7.93,1,120561
345,Mushoku Tensei: Isekai Ittara Honki Dasu - Shitsui no Majutsushi-hen,,,,,,no,https://myanimelist.net/manga/142765/Mushoku_Tensei__Isekai_Ittara_Honki_Dasu_-_Shitsui_no_Majutsushi-hen,2021-01,7.93,2,4129
346,The Male Lead's Little Lion Daughter,,,,,,no,https://myanimelist.net/manga/148238/The_Male_Leads_Little_Lion_Daughter,2021-01,7.93,3,6920
347,Marriage of Convenience,,,,,,no,https://myanimelist.net/manga/148365/Marriage_of_Convenience,2022-01,7.93,4,6887
348,The Perks of Being a Villainess,,,,,,no,https://myanimelist.net/manga/154063/The_Perks_of_Being_a_Villainess,2022-01,7.92,5,5543
349,Ookami Shounen wa Kyou mo Uso wo Kasaneru,,,,,,no,https://myanimelist.net/manga/85802/Ookami_Shounen_wa_Kyou_mo_Uso_wo_Kasaneru,2014-01 - 2017-01,7.92,1,737388
350,Takane to Hana,,,,,,no,https://myanimelist.net/manga/87813/Takane_to_Hana,2014-01 - 2020-01,7.92,2,29489
351,Hana yori Dango,,,,,,no,https://myanimelist.net/manga/877/Hana_yori_Dango,1992-01 - 2008-01,7.92,3,825587
352,07-Ghost,,,,,,no,https://myanimelist.net/manga/1349/07-Ghost,2005-01 - 2013-01,7.92,4,333746
353,Marie no Kanaderu Ongaku,,,,,,no,https://myanimelist.net/manga/1766/Marie_no_Kanaderu_Ongaku,1999-01 - 2001-01,7.92,5,113735
354,Mademoiselle Butterfly,,,,,,no,https://myanimelist.net/manga/1895/Mademoiselle_Butterfly,2001-01 - 2006-01,7.92,1,68923
355,Kouya no Tenshidomo,,,,,,no,https://myanimelist.net/manga/7024/Kouya_no_Tenshidomo,1983-01 - 1984-01,7.92,3,842601
356,Little Busters!,,,,,,no,https://myanimelist.net/manga/8677/Little_Busters,2008-01 - 2010-01,7.92,4,103669
357,Sun-Ken Rock,,,,,,no,https://myanimelist.net/manga/8848/Sun-Ken_Rock,2006-01 - 2016-01,7.92,5,112329
358,Mx0,,,,,,no,https://myanimelist.net/manga/616/Mx0,2006-01 - 2008-01,7.91,1,843279
359,Special A,,,,,,no,https://myanimelist.net/manga/1271/Special_A,2003-01 - 2009-01,7.91,2,941755
360,Moe Kare!!,,,,,,no,https://myanimelist.net/manga/1978/Moe_Kare,2005-01 - 2006-01,7.91,3,624586
361,Clannad,,,,,,no,https://myanimelist.net/manga/2598/Clannad,2005-01 - 2009-01,7.91,4,911490
362,Satougashi no Dangan wa Uchinukenai: A Lollypop or A Bullet,,,,,,no,https://myanimelist.net/manga/14127/Satougashi_no_Dangan_wa_Uchinukenai__A_Lollypop_or_A_Bullet,2007-01 - 2008-01,7.91,5,816517
363,Kiichi VS,,,,,,no,https://myanimelist.net/manga/15547/Kiichi_VS,2007-01 - 2013-01,7.91,1,131739
364,Bokura no Kiseki,,,,,,no,https://myanimelist.net/manga/16686/Bokura_no_Kiseki,2007-01,7.91,2,14569
365,W-Juliet,,,,,,no,https://myanimelist.net/manga/58/W-Juliet,1997-01 - 2002-01,7.9,3,29930
366,Tenshi Kinryouku,,,,,,no,https://myanimelist.net/manga/448/Tenshi_Kinryouku,1994-01 - 2000-01,7.9,4,26002
367,V.B. Rose,,,,,,no,https://myanimelist.net/manga/563/VB_Rose,2004-01 - 2009-01,7.9,5,96204
368,Saishuu Heiki Kanojo,,,,,,no,https://myanimelist.net/manga/773/Saishuu_Heiki_Kanojo,1999-01 - 2001-01,7.9,1,117125
369,.hack//AI Buster,,,,,,no,https://myanimelist.net/manga/955/hack__AI_Buster,2002-01 - 2005-01,7.9,2,53952
370,"Densha Otoko: Net Hatsu, Kakueki Teisha no Love Story",,,,,,no,https://myanimelist.net/manga/1158/Densha_Otoko__Net_Hatsu_Kakueki_Teisha_no_Love_Story,2005-01 - 2005-01,7.9,3,510451
371,Hakkenden: Touhou Hakken Ibun,,,,,,no,https://myanimelist.net/manga/5685/Hakkenden__Touhou_Hakken_Ibun,2005-01,7.9,4,4306
372,Kimi no Iru Machi,,,,,,no,https://myanimelist.net/manga/8483/Kimi_no_Iru_Machi,2008-01 - 2014-01,7.9,5,470741
373,Hetalia Axis Powers,,,,,,no,https://myanimelist.net/manga/8878/Hetalia_Axis_Powers,2008-01 - 2013-01,7.89,1,322392
374,Donten ni Warau Gaiden,,,,,,no,https://myanimelist.net/manga/80469/Donten_ni_Warau_Gaiden,2013-01 - 2017-01,7.89,2,175593
375,The Last: Naruto the Movie,,,,,,no,https://myanimelist.net/manga/83257/The_Last__Naruto_the_Movie,2014-01 - 2014-01,7.89,3,144131
376,Yumi's Cells,,,,,,no,https://myanimelist.net/manga/113095/Yumis_Cells,2015-01 - 2020-01,7.89,4,204546
377,Mieruko-chan,,,,,,no,https://myanimelist.net/manga/116790/Mieruko-chan,2018-01,7.89,5,87275
378,Asper Kanojo,,,,,,no,https://myanimelist.net/manga/118873/Asper_Kanojo,2018-01 - 2021-01,7.89,2,117184
379,Honzuki no Gekokujou: Shisho ni Naru Tame ni wa Shudan wo Erandeiraremasen Dai 2-bu - Hon no Tame nara Miko ni Naru!,,,,,,no,https://myanimelist.net/manga/122830/Honzuki_no_Gekokujou__Shisho_ni_Naru_Tame_ni_wa_Shudan_wo_Erandeiraremasen_Dai_2-bu_-_Hon_no_Tame_nara_Miko_ni_Naru,2018-01,7.89,3,5321
380,Gomashio to Pudding,,,,,,no,https://myanimelist.net/manga/131807/Gomashio_to_Pudding,2018-01 - 2020-01,7.89,4,11089
381,Seishun Buta Yarou wa Bunny Girl Senpai no Yume wo Minai,,,,,,no,https://myanimelist.net/manga/92182/Seishun_Buta_Yarou_wa_Bunny_Girl_Senpai_no_Yume_wo_Minai,2015-01 - 2018-01,7.89,5,825219
382,Jaku-Chara Tomozaki-kun,,,,,,no,https://myanimelist.net/manga/102702/Jaku-Chara_Tomozaki-kun,2016-01,7.88,1,10294
383,Ningen Shikkaku,,,,,,no,https://myanimelist.net/manga/106609/Ningen_Shikkaku,2017-01 - 2018-01,7.88,2,820513
384,Sengoku Komachi Kuroutan: Noukou Giga,,,,,,no,https://myanimelist.net/manga/107570/Sengoku_Komachi_Kuroutan__Noukou_Giga,2017-01,7.88,3,6126
385,Tsuiraku JK to Haijin Kyoushi,,,,,,no,https://myanimelist.net/manga/108639/Tsuiraku_JK_to_Haijin_Kyoushi,2017-01,7.88,4,16859
386,Lucky☆Star,,,,,,no,https://myanimelist.net/manga/587/Lucky☆Star,2003-01,7.88,5,15939
387,Kieli: Shisha-tachi wa Kouya ni Nemuru,,,,,,no,https://myanimelist.net/manga/3522/Kieli__Shisha-tachi_wa_Kouya_ni_Nemuru,2005-01 - 2006-01,7.87,1,68018
388,½ Prince,,,,,,no,https://myanimelist.net/manga/8456/½_Prince,2007-01 - 2014-01,7.87,2,432565
389,Thomas no Shinzou,,,,,,no,https://myanimelist.net/manga/9152/Thomas_no_Shinzou,1974-01 - 1974-01,7.87,3,745586
390,Usagi-moku Shachiku-ka,,,,,,no,https://myanimelist.net/manga/113312/Usagi-moku_Shachiku-ka,2017-01 - 2020-01,7.87,4,202389
391,Tenseisha no Watashi ni Idondekuru Mubou de Yuubou na Shoujo no Hanashi,,,,,,no,https://myanimelist.net/manga/113992/Tenseisha_no_Watashi_ni_Idondekuru_Mubou_de_Yuubou_na_Shoujo_no_Hanashi,2017-01 - 2018-01,7.87,5,736
392,Otome Game Sekai wa Mob ni Kibishii Sekai desu,,,,,,no,https://myanimelist.net/manga/116557/Otome_Game_Sekai_wa_Mob_ni_Kibishii_Sekai_desu,2018-01 - 2024-01,7.87,1,248701
393,Saya no Uta,,,,,,no,https://myanimelist.net/manga/120251/Saya_no_Uta,2018-01 - 2018-01,7.87,2,181526
394,Lonely Girl ni Sakaraenai,,,,,,no,https://myanimelist.net/manga/123270/Lonely_Girl_ni_Sakaraenai,2019-01 - 2022-01,7.87,3,217006
395,Toorigakari ni One Point Advice shiteiku Type no Yankee,,,,,,no,https://myanimelist.net/manga/124154/Toorigakari_ni_One_Point_Advice_shiteiku_Type_no_Yankee,2019-01 - 2022-01,7.87,4,210377
396,Bokutachi wa Mada Aoku,,,,,,no,https://myanimelist.net/manga/137146/Bokutachi_wa_Mada_Aoku,2019-01 - 2020-01,7.87,5,201815
397,Mother's Contract Marriage,,,,,,no,https://myanimelist.net/manga/154454/Mothers_Contract_Marriage,2022-01,7.87,1,3161
398,Mushoku Tensei: Dasoku-hen,,,,,,no,https://myanimelist.net/manga/159387/Mushoku_Tensei__Dasoku-hen,2023-01,7.87,2,1136
399,My Life as a Loser,,,,,,no,https://myanimelist.net/manga/147073/My_Life_as_a_Loser,2019-01 - 2020-01,7.86,3,202669
400,Sensou Kyoushitsu,,,,,,no,https://myanimelist.net/manga/147585/Sensou_Kyoushitsu,2022-01,7.86,4,1621
401,Mahou Shoujo Madoka★Magica: Majuu-hen,,,,,,no,https://myanimelist.net/manga/90309/Mahou_Shoujo_Madoka★Magica__Majuu-hen,2015-01 - 2016-01,7.86,5,165315
402,Shin Tekken Chinmi,,,,,,no,https://myanimelist.net/manga/8094/Shin_Tekken_Chinmi,1997-01 - 2005-01,7.85,1,51395
403,Persona 4,,,,,,no,https://myanimelist.net/manga/10580/Persona_4,2008-01 - 2019-01,7.85,2,199134
404,Ilegenes: Kokuyou no Kiseki,,,,,,no,https://myanimelist.net/manga/10740/Ilegenes__Kokuyou_no_Kiseki,2007-01 - 2010-01,7.85,3,108046
405,Sora Log,,,,,,no,https://myanimelist.net/manga/12064/Sora_Log,2008-01 - 2010-01,7.85,4,13003
406,Azumanga Daioh: Hoshuu-hen,,,,,,no,https://myanimelist.net/manga/13992/Azumanga_Daioh__Hoshuu-hen,2009-01 - 2009-01,7.85,5,95200
407,Acid Town,,,,,,no,https://myanimelist.net/manga/14498/Acid_Town,2008-01,7.85,1,15550
408,Durarara!!,,,,,,no,https://myanimelist.net/manga/14841/Durarara,2009-01 - 2011-01,7.85,2,125163
409,"Mikadono Sanshimai wa Angai, Choroi.",,,,,,no,https://myanimelist.net/manga/142649/Mikadono_Sanshimai_wa_Angai_Choroi,2021-01,7.85,4,7837
410,My In-Laws are Obsessed with Me,,,,,,no,https://myanimelist.net/manga/147368/My_In-Laws_are_Obsessed_with_Me,2021-01,7.85,5,6395
411,Killer Crush,,,,,,no,https://myanimelist.net/manga/148245/Killer_Crush,2021-01,7.85,1,1590
412,Murderous Lewellyn's Candlelit Dinner,,,,,,no,https://myanimelist.net/manga/162158/Murderous_Lewellyns_Candlelit_Dinner,2020-01 - 2022-01,7.85,2,639
413,Mairimashita! Iruma-kun: If Episode of Mafia,,,,,,no,https://myanimelist.net/manga/162733/Mairimashita_Iruma-kun__If_Episode_of_Mafia,2023-01,7.85,3,774
414,Hengoku no Schwester,,,,,,no,https://myanimelist.net/manga/90609/Hengoku_no_Schwester,2014-01 - 2017-01,7.85,4,173326
415,Gekijouban Gintama: Kanketsu-hen - Yorozuya yo Eien Nare,,,,,,no,https://myanimelist.net/manga/91209/Gekijouban_Gintama__Kanketsu-hen_-_Yorozuya_yo_Eien_Nare,2013-01 - 2013-01,7.85,5,131717
416,Arakawa Under the Bridge,,,,,,no,https://myanimelist.net/manga/14154/Arakawa_Under_the_Bridge,2004-01 - 2015-01,7.84,1,517874
417,Darker than Black: Shikkoku no Hana,,,,,,no,https://myanimelist.net/manga/14975/Darker_than_Black__Shikkoku_no_Hana,2009-01 - 2011-01,7.84,2,114017
418,Trace,,,,,,no,https://myanimelist.net/manga/16791/Trace,2007-01 - 2009-01,7.84,3,911374
419,High☆Speed!,,,,,,no,https://myanimelist.net/manga/55867/High☆Speed,2013-01 - 2014-01,7.84,4,144402
420,K: Lost Small World,,,,,,no,https://myanimelist.net/manga/69399/K__Lost_Small_World,2014-01 - 2014-01,7.84,5,142516
421,K: Lost Small World,,,,,,no,https://myanimelist.net/manga/73451/K__Lost_Small_World,2014-01 - 2016-01,7.82,5,162362
422,K: Lost Small World,,,,,,no,https://myanimelist.net/manga/69399/K__Lost_Small_World,2014-01 - 2014-01,7.84,5,142516
423,K: Lost Small World,,,,,,no,https://myanimelist.net/manga/73451/K__Lost_Small_World,2014-01 - 2016-01,7.82,5,162362
424,Sewayaki Kitsune no Senko-san,,,,,,no,https://myanimelist.net/manga/111276/Sewayaki_Kitsune_no_Senko-san,2017-01,7.84,1,27702
425,Super Secret,,,,,,no,https://myanimelist.net/manga/112483/Super_Secret,2015-01 - 2018-01,7.84,2,188712
426,Nora to Zassou,,,,,,no,https://myanimelist.net/manga/114006/Nora_to_Zassou,2018-01 - 2020-01,7.84,3,205092
427,Kimi wa Tsukiyo ni Hikarikagayaku,,,,,,no,https://myanimelist.net/manga/114852/Kimi_wa_Tsukiyo_ni_Hikarikagayaku,2018-01 - 2019-01,7.84,4,195836
428,Persona 5: Mementos Mission,,,,,,no,https://myanimelist.net/manga/115958/Persona_5__Mementos_Mission,2018-01 - 2020-01,7.84,5,202723
429,A Good Day to Be a Dog,,,,,,no,https://myanimelist.net/manga/119024/A_Good_Day_to_Be_a_Dog,2017-01 - 2019-01,7.84,1,913632
430,Wondance,,,,,,no,https://myanimelist.net/manga/127120/Wondance,2019-01,7.84,2,8646
431,Ghost Teller,,,,,,no,https://myanimelist.net/manga/131171/Ghost_Teller,2017-01 - 2020-01,7.84,3,204611
432,Ookami no Kawa wo Kabutta Hitsuji Hime,,,,,,no,https://myanimelist.net/manga/132727/Ookami_no_Kawa_wo_Kabutta_Hitsuji_Hime,2020-01 - 2023-01,7.84,4,233413
433,Kino no Tabi: The Beautiful World,,,,,,no,https://myanimelist.net/manga/104475/Kino_no_Tabi__The_Beautiful_World,2017-01 - 2020-01,7.84,5,204240
434,Orange Marmalade,,,,,,no,https://myanimelist.net/manga/54897/Orange_Marmalade,2011-01 - 2013-01,7.83,1,341784
435,Les Misérables,,,,,,no,https://myanimelist.net/manga/55301/Les_Misérables,2013-01 - 2016-01,7.83,2,162284
436,Kasane,,,,,,no,https://myanimelist.net/manga/55377/Kasane,2013-01 - 2018-01,7.83,3,832280
437,Mahouka Koukou no Rettousei: Tsuioku-hen,,,,,,no,https://myanimelist.net/manga/60977/Mahouka_Koukou_no_Rettousei__Tsuioku-hen,2014-01 - 2015-01,7.83,4,157941
438,Duty After School,,,,,,no,https://myanimelist.net/manga/64087/Duty_After_School,2012-01 - 2013-01,7.83,5,310176
439,Lord El-Melloi II-sei no Jikenbo,,,,,,no,https://myanimelist.net/manga/85437/Lord_El-Melloi_II-sei_no_Jikenbo,2014-01 - 2019-01,7.83,1,192716
440,"Ore no Nounai Sentakushi ga, Gakuen Love Comedy wo Zenryoku de Jama shiteiru",,,,,,no,https://myanimelist.net/manga/54431/Ore_no_Nounai_Sentakushi_ga_Gakuen_Love_Comedy_wo_Zenryoku_de_Jama_shiteiru,2012-01 - 2016-01,7.82,2,162867
441,Kishibe Rohan wa Ugokanai,,,,,,no,https://myanimelist.net/manga/61959/Kishibe_Rohan_wa_Ugokanai,1997-01,7.82,3,15458
442,Katayoku no Labyrinth,,,,,,no,https://myanimelist.net/manga/65489/Katayoku_no_Labyrinth,2014-01 - 2016-01,7.82,4,164042
443,Rokudenashi Majutsu Koushi to Akashic Records,,,,,,no,https://myanimelist.net/manga/75065/Rokudenashi_Majutsu_Koushi_to_Akashic_Records,2014-01,7.82,1,8512
444,Sword Art Online: Mother's Rosario,,,,,,no,https://myanimelist.net/manga/75101/Sword_Art_Online__Mothers_Rosario,2014-01 - 2016-01,7.82,2,165461
445,Tokyo Ravens,,,,,,no,https://myanimelist.net/manga/23898/Tokyo_Ravens,2010-01,7.82,3,5480
446,Aoki Hagane no Arpeggio,,,,,,no,https://myanimelist.net/manga/25861/Aoki_Hagane_no_Arpeggio,2009-01,7.82,4,9447
447,Sakurasou no Pet na Kanojo,,,,,,no,https://myanimelist.net/manga/28107/Sakurasou_no_Pet_na_Kanojo,2011-01 - 2015-01,7.82,5,512453
448,Shumari,,,,,,no,https://myanimelist.net/manga/22273/Shumari,1978-01,7.81,1,417
449,Hana ni Arashi,,,,,,no,https://myanimelist.net/manga/111857/Hana_ni_Arashi,2017-01 - 2023-01,7.81,3,310473
450,50cm no Isshou,,,,,,no,https://myanimelist.net/manga/113667/50cm_no_Isshou,2018-01 - 2019-01,7.81,4,191131
451,"Fuufu Ijou, Koibito Miman.",,,,,,no,https://myanimelist.net/manga/115848/Fuufu_Ijou_Koibito_Miman,2018-01,7.81,5,49794
452,Chitose-kun wa Ramune Bin no Naka,,,,,,no,https://myanimelist.net/manga/130231/Chitose-kun_wa_Ramune_Bin_no_Naka,2019-01,7.81,1,2589
453,"Loop 7-kaime no Akuyaku Reijou wa, Moto Tekikoku de Jiyuu Kimama na Hanayome Seikatsu wo Mankitsu suru",,,,,,no,https://myanimelist.net/manga/132505/Loop_7-kaime_no_Akuyaku_Reijou_wa_Moto_Tekikoku_de_Jiyuu_Kimama_na_Hanayome_Seikatsu_wo_Mankitsu_suru,2020-01,7.81,2,1918
454,"Loop 7-kaime no Akuyaku Reijou wa, Moto Tekikoku de Jiyuu Kimama na Hanayome Seikatsu wo Mankitsu suru",,,,,,no,https://myanimelist.net/manga/132500/Loop_7-kaime_no_Akuyaku_Reijou_wa_Moto_Tekikoku_de_Jiyuu_Kimama_na_Hanayome_Seikatsu_wo_Mankitsu_suru,2020-01,7.67,5,5694
455,"Loop 7-kaime no Akuyaku Reijou wa, Moto Tekikoku de Jiyuu Kimama na Hanayome Seikatsu wo Mankitsu suru",,,,,,no,https://myanimelist.net/manga/132505/Loop_7-kaime_no_Akuyaku_Reijou_wa_Moto_Tekikoku_de_Jiyuu_Kimama_na_Hanayome_Seikatsu_wo_Mankitsu_suru,2020-01,7.81,2,1918
456,"Loop 7-kaime no Akuyaku Reijou wa, Moto Tekikoku de Jiyuu Kimama na Hanayome Seikatsu wo Mankitsu suru",,,,,,no,https://myanimelist.net/manga/132500/Loop_7-kaime_no_Akuyaku_Reijou_wa_Moto_Tekikoku_de_Jiyuu_Kimama_na_Hanayome_Seikatsu_wo_Mankitsu_suru,2020-01,7.67,5,5694
457,Ryoushin no Shakkin wo Katagawari shite Morau Jouken wa Nihonichi Kawaii Joshikousei to Issho ni Kurasu Koto deshita.,,,,,,no,https://myanimelist.net/manga/136791/Ryoushin_no_Shakkin_wo_Katagawari_shite_Morau_Jouken_wa_Nihonichi_Kawaii_Joshikousei_to_Issho_ni_Kurasu_Koto_deshita,2020-01,7.81,3,3171
458,Senpai wa Otokonoko,,,,,,no,https://myanimelist.net/manga/137982/Senpai_wa_Otokonoko,2019-01 - 2021-01,7.81,4,216693
459,Trinity Blood,,,,,,no,https://myanimelist.net/manga/556/Trinity_Blood,2003-01 - 2018-01,7.81,5,818037
460,Kodomo no Jikan,,,,,,no,https://myanimelist.net/manga/582/Kodomo_no_Jikan,2005-01 - 2013-01,7.81,1,321487
461,Kiniro no Corda,,,,,,no,https://myanimelist.net/manga/1051/Kiniro_no_Corda,2004-01 - 2011-01,7.81,2,111322
462,Rasetsu no Hana,,,,,,no,https://myanimelist.net/manga/3636/Rasetsu_no_Hana,2005-01 - 2010-01,7.81,3,104016
463,Franken Fran,,,,,,no,https://myanimelist.net/manga/5806/Franken_Fran,2006-01 - 2012-01,7.81,4,235330
464,Yume-iro Pâtissière,,,,,,no,https://myanimelist.net/manga/10386/Yume-iro_Pâtissière,2008-01 - 2013-01,7.81,5,136719
465,Sasurai Emanon,,,,,,no,https://myanimelist.net/manga/36903/Sasurai_Emanon,2008-01 - 2017-01,7.79,1,717470
466,Junketsu Drop,,,,,,no,https://myanimelist.net/manga/37641/Junketsu_Drop,2011-01 - 2011-01,7.79,2,112853
467,Mondaiji-tachi ga Isekai kara Kuru Sou desu yo? Z,,,,,,no,https://myanimelist.net/manga/49333/Mondaiji-tachi_ga_Isekai_kara_Kuru_Sou_desu_yo_Z,2012-01 - 2013-01,7.79,3,135756
468,Hidamari ga Kikoeru: Shunkashuutou,,,,,,no,https://myanimelist.net/manga/139289/Hidamari_ga_Kikoeru__Shunkashuutou,2020-01,7.79,4,2150
469,"Tensei shite High Elf ni Narimashita ga, Slow Life wa 120-nen de Akimashita",,,,,,no,https://myanimelist.net/manga/141278/Tensei_shite_High_Elf_ni_Narimashita_ga_Slow_Life_wa_120-nen_de_Akimashita,2021-01,7.79,5,4404
470,Yamada to Kase-san.,,,,,,no,https://myanimelist.net/manga/143990/Yamada_to_Kase-san,2017-01,7.79,1,3308
471,Nigoru Hitomi de Nani wo Negau: Highserk Senki,,,,,,no,https://myanimelist.net/manga/144241/Nigoru_Hitomi_de_Nani_wo_Negau__Highserk_Senki,2022-01,7.79,2,6078
472,Tokidoki Bosotto Russia-go de Dereru Tonari no Alya-san,,,,,,no,https://myanimelist.net/manga/149334/Tokidoki_Bosotto_Russia-go_de_Dereru_Tonari_no_Alya-san,2022-01,7.79,3,16865
473,Revenge of the Baskerville Bloodhound,,,,,,no,https://myanimelist.net/manga/157888/Revenge_of_the_Baskerville_Bloodhound,2023-01,7.79,4,12741
474,Love Hina,,,,,,no,https://myanimelist.net/manga/16/Love_Hina,1998-01 - 2001-01,7.79,5,167970
475,Chobits,,,,,,no,https://myanimelist.net/manga/107/Chobits,2000-01 - 2002-01,7.79,1,268180
476,Kidou Keisatsu Patlabor,,,,,,no,https://myanimelist.net/manga/201/Kidou_Keisatsu_Patlabor,1988-01 - 1994-01,7.79,2,942516
477,Alive: Saishuu Shinkateki Shounen,,,,,,no,https://myanimelist.net/manga/219/Alive__Saishuu_Shinkateki_Shounen,2003-01 - 2010-01,7.79,3,25860
478,Hybrid Child,,,,,,no,https://myanimelist.net/manga/257/Hybrid_Child,2003-01 - 2004-01,7.79,4,410126
479,Pumpkin Scissors,,,,,,no,https://myanimelist.net/manga/426/Pumpkin_Scissors,2002-01,7.79,5,5120
480,W-Juliet II,,,,,,no,https://myanimelist.net/manga/2906/W-Juliet_II,2006-01,7.78,1,2730
481,Touhou Bougetsushou: Silent Sinner in Blue.,,,,,,no,https://myanimelist.net/manga/3014/Touhou_Bougetsushou__Silent_Sinner_in_Blue,2007-01 - 2009-01,7.78,2,97266
482,Nanairo Sekai,,,,,,no,https://myanimelist.net/manga/3276/Nanairo_Sekai,2005-01 - 2006-01,7.78,3,66168
483,Shinobi Life,,,,,,no,https://myanimelist.net/manga/3565/Shinobi_Life,2006-01 - 2012-01,7.78,4,225877
484,Asterisk,,,,,,no,https://myanimelist.net/manga/3737/Asterisk,2006-01 - 2010-01,7.78,5,102631
485,Maria-sama ga Miteru,,,,,,no,https://myanimelist.net/manga/4177/Maria-sama_ga_Miteru,1998-01 - 2012-01,7.78,1,122025
486,Sono Yubi dake ga Shitteiru,,,,,,no,https://myanimelist.net/manga/5220/Sono_Yubi_dake_ga_Shitteiru,2001-01 - 2008-01,7.78,2,82404
487,Patalliro!,,,,,,no,https://myanimelist.net/manga/6045/Patalliro,1979-01,7.78,3,1164
488,Zettai Heiwa Daisakusen,,,,,,no,https://myanimelist.net/manga/6624/Zettai_Heiwa_Daisakusen,2007-01 - 2010-01,7.78,4,17056
489,Koukaku Kidoutai: Stand Alone Complex,,,,,,no,https://myanimelist.net/manga/7848/Koukaku_Kidoutai__Stand_Alone_Complex,2004-01 - 2005-01,7.78,5,52526
490,Shin Getter Robo,,,,,,no,https://myanimelist.net/manga/8571/Shin_Getter_Robo,1996-01 - 1999-01,7.78,1,992760
491,C.M.B. Shinra Hakubutsukan no Jiken Mokuroku,,,,,,no,https://myanimelist.net/manga/10318/CMB_Shinra_Hakubutsukan_no_Jiken_Mokuroku,2005-01 - 2020-01,7.78,2,202122
492,Yongbi Bulpae,,,,,,no,https://myanimelist.net/manga/10685/Yongbi_Bulpae,1998-01 - 2002-01,7.78,3,25430
493,Amanchu!,,,,,,no,https://myanimelist.net/manga/11061/Amanchu,2008-01 - 2021-01,7.78,4,219484
494,Hidan no Aria,,,,,,no,https://myanimelist.net/manga/12297/Hidan_no_Aria,2008-01,7.78,5,5008
495,Love in the Mask,,,,,,no,https://myanimelist.net/manga/17007/Love_in_the_Mask,,7.77,1,10067
496,Raise wa Tanin ga Ii,,,,,,no,https://myanimelist.net/manga/109229/Raise_wa_Tanin_ga_Ii,2017-01,7.77,2,25561
497,Urasekai Picnic,,,,,,no,https://myanimelist.net/manga/110766/Urasekai_Picnic,2018-01,7.77,3,6645
498,Ori no Naka no Soloist,,,,,,no,https://myanimelist.net/manga/117623/Ori_no_Naka_no_Soloist,2018-01 - 2021-01,7.77,5,115917
499,Vivy Prototype,,,,,,no,https://myanimelist.net/manga/136733/Vivy_Prototype,2021-01 - 2021-01,7.77,1,698
500,"Nee Nee, Nene-san.",,,,,,no,https://myanimelist.net/manga/140604/Nee_Nee_Nene-san,2021-01 - 2021-01,7.77,2,211394
501,Yume no Hashibashi,,,,,,no,https://myanimelist.net/manga/141215/Yume_no_Hashibashi,2018-01 - 2020-01,7.77,3,201781
502,Haikyuu!! Tokubetsu Bangai-hen: Matsuri Futatabi,,,,,,no,https://myanimelist.net/manga/146284/Haikyuu_Tokubetsu_Bangai-hen__Matsuri_Futatabi,2022-01 - 2022-01,7.77,4,222093
503,Beware the Villainess!,,,,,,no,https://myanimelist.net/manga/146912/Beware_the_Villainess,2020-01 - 2022-01,7.77,5,213519
504,Happily Ever Afterwards,,,,,,no,https://myanimelist.net/manga/147263/Happily_Ever_Afterwards,2020-01 - 2022-01,7.77,1,224347
505,Lout of Count's Family,,,,,,no,https://myanimelist.net/manga/147317/Lout_of_Counts_Family,2020-01,7.77,2,17746
506,Return of the Mad Demon,,,,,,no,https://myanimelist.net/manga/147577/Return_of_the_Mad_Demon,2021-01,7.77,3,11198
507,Ruri Dragon,,,,,,no,https://myanimelist.net/manga/148054/Ruri_Dragon,2022-01,7.77,4,28533
508,Saihate ni Madou,,,,,,no,https://myanimelist.net/manga/159771/Saihate_ni_Madou,2023-01,7.77,5,8279
509,Aitsu no Daihonmei,,,,,,no,https://myanimelist.net/manga/14748/Aitsu_no_Daihonmei,2006-01,7.76,1,8693
510,GE: Good Ending,,,,,,no,https://myanimelist.net/manga/15578/GE__Good_Ending,2009-01 - 2013-01,7.76,2,351996
511,Zekkyou Gakkyuu,,,,,,no,https://myanimelist.net/manga/17154/Zekkyou_Gakkyuu,2008-01 - 2015-01,7.76,3,511054
512,Gensou Suikoden III: Unmei no Keishousha,,,,,,no,https://myanimelist.net/manga/536/Gensou_Suikoden_III__Unmei_no_Keishousha,2002-01 - 2006-01,7.75,4,62155
513,MAX Lovely!,,,,,,no,https://myanimelist.net/manga/1275/MAX_Lovely,,7.75,5,3481
514,Kyoushoku Soukou Guyver,,,,,,no,https://myanimelist.net/manga/1608/Kyoushoku_Soukou_Guyver,1985-01 - 2016-01,7.75,1,163923
515,Shimotsuma Monogatari,,,,,,no,https://myanimelist.net/manga/4181/Shimotsuma_Monogatari,2002-01 - 2002-01,7.75,2,641
516,Junjou Minimum,,,,,,no,https://myanimelist.net/manga/6404/Junjou_Minimum,2004-01 - 2005-01,7.75,3,53309
517,Tales of Symphonia: Extra Load,,,,,,no,https://myanimelist.net/manga/7199/Tales_of_Symphonia__Extra_Load,2005-01 - 2007-01,7.75,4,71687
518,Warau Kanoko-sama,,,,,,no,https://myanimelist.net/manga/10412/Warau_Kanoko-sama,2007-01 - 2009-01,7.75,5,99225
519,Choujin Taikei,,,,,,no,https://myanimelist.net/manga/11415/Choujin_Taikei,1971-01 - 1975-01,7.75,1,657
520,Grappler Baki,,,,,,no,https://myanimelist.net/manga/11425/Grappler_Baki,1991-01 - 1999-01,7.75,2,926688
521,Kuroshitsuji Anthology Comic: Nijishitsuji,,,,,,no,https://myanimelist.net/manga/13450/Kuroshitsuji_Anthology_Comic__Nijishitsuji,2009-01 - 2010-01,7.75,3,105495
522,Yakusoku Siren,,,,,,no,https://myanimelist.net/manga/13850/Yakusoku_Siren,2009-01 - 2010-01,7.75,4,102485
523,Date A Live: Encore,,,,,,no,https://myanimelist.net/manga/70921/Date_A_Live__Encore,2011-01,7.75,5,2504
524,Watashi ga Motenai no wa Dou Kangaetemo Omaera ga Warui!,,,,,,no,https://myanimelist.net/manga/28533/Watashi_ga_Motenai_no_wa_Dou_Kangaetemo_Omaera_ga_Warui,2011-01,7.74,1,55411
525,Mahouka Koukou no Rettousei: Nyuugaku-hen,,,,,,no,https://myanimelist.net/manga/33699/Mahouka_Koukou_no_Rettousei__Nyuugaku-hen,2011-01 - 2013-01,7.74,2,318227
526,Majo no Shinzou,,,,,,no,https://myanimelist.net/manga/35313/Majo_no_Shinzou,2012-01 - 2016-01,7.74,3,163502
527,To LOVE-Ru Darkness: Little Sisters,,,,,,no,https://myanimelist.net/manga/41835/To_LOVE-Ru_Darkness__Little_Sisters,2012-01 - 2012-01,7.74,4,122860
528,Murim Login,,,,,,no,https://myanimelist.net/manga/147389/Murim_Login,2020-01,7.74,5,8300
529,Karin,,,,,,no,https://myanimelist.net/manga/387/Karin,2003-01 - 2008-01,7.74,1,834860
530,Swan,,,,,,no,https://myanimelist.net/manga/1332/Swan,1976-01 - 1981-01,7.74,2,812066
531,Daa! Daa! Daa!,,,,,,no,https://myanimelist.net/manga/1526/Daa_Daa_Daa,1998-01 - 2002-01,7.74,3,24491
532,Café Latte Rhapsody,,,,,,no,https://myanimelist.net/manga/2116/Café_Latte_Rhapsody,2008-01 - 2008-01,7.74,4,84558
533,Kamichama Karin Chu,,,,,,no,https://myanimelist.net/manga/2575/Kamichama_Karin_Chu,2006-01 - 2008-01,7.74,5,88041
534,Saki,,,,,,no,https://myanimelist.net/manga/6310/Saki,2006-01,7.74,1,9862
535,Azumi,,,,,,no,https://myanimelist.net/manga/7842/Azumi,1994-01 - 2008-01,7.74,2,84953
536,Tekken Chinmi Legends,,,,,,no,https://myanimelist.net/manga/8113/Tekken_Chinmi_Legends,2007-01,7.74,3,1091
537,FLCL,,,,,,no,https://myanimelist.net/manga/8173/FLCL,2000-01 - 2001-01,7.74,4,14760
538,xxxHOLiC: AnotherHOLiC,,,,,,no,https://myanimelist.net/manga/10183/xxxHOLiC__AnotherHOLiC,2006-01 - 2006-01,7.74,5,63336
539,Strawberry Shake Sweet,,,,,,no,https://myanimelist.net/manga/3935/Strawberry_Shake_Sweet,2003-01 - 2009-01,7.73,1,96296
540,Rokudenashi Blues,,,,,,no,https://myanimelist.net/manga/4444/Rokudenashi_Blues,1988-01 - 1997-01,7.73,2,979693
541,Koukaku no Regios,,,,,,no,https://myanimelist.net/manga/7533/Koukaku_no_Regios,2006-01 - 2013-01,7.73,3,133961
542,Umimachi Diary,,,,,,no,https://myanimelist.net/manga/8168/Umimachi_Diary,2006-01 - 2018-01,7.73,4,183262
543,Touhou Bougetsushou: Tsuki no Inaba to Chijou no Inaba,,,,,,no,https://myanimelist.net/manga/9429/Touhou_Bougetsushou__Tsuki_no_Inaba_to_Chijou_no_Inaba,2007-01 - 2009-01,7.73,5,94640
544,Joou no Hana,,,,,,no,https://myanimelist.net/manga/10403/Joou_no_Hana,2007-01 - 2016-01,7.73,1,167237
545,Running on Empty,,,,,,no,https://myanimelist.net/manga/10805/Running_on_Empty,2008-01 - 2008-01,7.73,2,84932
546,Heart no Kuni no Alice: Wonderful Wonder World,,,,,,no,https://myanimelist.net/manga/11516/Heart_no_Kuni_no_Alice__Wonderful_Wonder_World,2008-01 - 2010-01,7.73,3,29227
547,Red,,,,,,no,https://myanimelist.net/manga/12713/Red,1998-01 - 2005-01,7.73,4,53106
548,Kekkai Sensen,,,,,,no,https://myanimelist.net/manga/12994/Kekkai_Sensen,2009-01 - 2015-01,7.73,5,515964
549,Prunus Girl,,,,,,no,https://myanimelist.net/manga/14115/Prunus_Girl,2008-01 - 2013-01,7.73,2,323122
550,Dousei Jidai,,,,,,no,https://myanimelist.net/manga/17462/Dousei_Jidai,1972-01 - 1973-01,7.73,3,732345
551,Survival,,,,,,no,https://myanimelist.net/manga/17927/Survival,1976-01 - 1980-01,7.73,4,803210
552,Shinya Shokudou,,,,,,no,https://myanimelist.net/manga/17988/Shinya_Shokudou,2006-01,7.73,5,2935
553,Puchimas!: Petit iDOLM@STER,,,,,,no,https://myanimelist.net/manga/29899/Puchimas__Petit_iDOLMSTER,2008-01,7.72,1,1263
554,Nisekoi,,,,,,no,https://myanimelist.net/manga/31499/Nisekoi,2011-01 - 2016-01,7.72,2,198095
555,"Yozora no Sumikko de,",,,,,,no,https://myanimelist.net/manga/34755/Yozora_no_Sumikko_de,2011-01 - 2013-01,7.72,3,137651
556,Hataraku Maou-sama!,,,,,,no,https://myanimelist.net/manga/36719/Hataraku_Maou-sama,2011-01 - 2020-01,7.72,4,27470
557,Steins;Gate: Heiji Kyokusen no Epigraph,,,,,,no,https://myanimelist.net/manga/49381/Steins_Gate__Heiji_Kyokusen_no_Epigraph,2013-01 - 2013-01,7.72,5,131961
558,Kono Bijutsubu ni wa Mondai ga Aru!,,,,,,no,https://myanimelist.net/manga/50331/Kono_Bijutsubu_ni_wa_Mondai_ga_Aru,2012-01,7.72,1,22497
559,Last Embryo,,,,,,no,https://myanimelist.net/manga/89085/Last_Embryo,2015-01,7.72,2,2923
560,Hanayome wa Motodanshi.,,,,,,no,https://myanimelist.net/manga/96936/Hanayome_wa_Motodanshi,2016-01 - 2016-01,7.72,4,167898
561,Re:Zero kara Hajimeru Isekai Seikatsu Tanpenshuu,,,,,,no,https://myanimelist.net/manga/99446/Re_Zero_kara_Hajimeru_Isekai_Seikatsu_Tanpenshuu,2014-01,7.72,5,2086
562,Kuma Kuma Kuma Bear,,,,,,no,https://myanimelist.net/manga/100512/Kuma_Kuma_Kuma_Bear,2015-01,7.72,1,4479
563,Living no Matsunaga-san,,,,,,no,https://myanimelist.net/manga/103856/Living_no_Matsunaga-san,2016-01 - 2021-01,7.72,2,120720
564,Hoankan Evans no Uso: Dead or Love,,,,,,no,https://myanimelist.net/manga/106190/Hoankan_Evans_no_Uso__Dead_or_Love,2017-01 - 2022-01,7.72,3,227956
565,New Danganronpa V3: Minna no Koroshiai Shingakki Comic Anthology,,,,,,no,https://myanimelist.net/manga/108026/New_Danganronpa_V3__Minna_no_Koroshiai_Shingakki_Comic_Anthology,2017-01 - 2017-01,7.72,4,173933
566,Tennis no Oujisama,,,,,,no,https://myanimelist.net/manga/49/Tennis_no_Oujisama,1999-01 - 2008-01,7.72,5,826195
567,Nicola no Oyururi Makai Kikou,,,,,,no,https://myanimelist.net/manga/105399/Nicola_no_Oyururi_Makai_Kikou,2017-01 - 2021-01,7.71,1,213944
568,Konjiki no Word Master: Yuusha Yonin ni Makikomareta Unique Cheat,,,,,,no,https://myanimelist.net/manga/82401/Konjiki_no_Word_Master__Yuusha_Yonin_ni_Makikomareta_Unique_Cheat,2014-01 - 2018-01,7.71,2,184427
569,Suijin no Hanayome,,,,,,no,https://myanimelist.net/manga/85901/Suijin_no_Hanayome,2015-01 - 2018-01,7.71,3,811131
570,Thermae Romae,,,,,,no,https://myanimelist.net/manga/20647/Thermae_Romae,2008-01 - 2013-01,7.71,4,138173
571,Oretachi no Field,,,,,,no,https://myanimelist.net/manga/21252/Oretachi_no_Field,1991-01 - 1998-01,7.71,5,547
572,Kore wa Koi no Hanashi,,,,,,no,https://myanimelist.net/manga/25046/Kore_wa_Koi_no_Hanashi,2010-01 - 2014-01,7.71,1,149834
573,Gokusen Kanketsu-hen,,,,,,no,https://myanimelist.net/manga/25805/Gokusen_Kanketsu-hen,2007-01 - 2009-01,7.71,2,92034
574,Tonari no Seki-kun,,,,,,no,https://myanimelist.net/manga/28091/Tonari_no_Seki-kun,2010-01,7.71,3,19448
575,Danganronpa/Zero,,,,,,no,https://myanimelist.net/manga/47917/Danganronpa_Zero,2011-01 - 2011-01,7.71,4,111039
576,Naruto Retsuden Series,,,,,,no,https://myanimelist.net/manga/119908/Naruto_Retsuden_Series,2019-01 - 2019-01,7.71,5,191073
577,Kaketa Tsuki to Doughnut,,,,,,no,https://myanimelist.net/manga/120329/Kaketa_Tsuki_to_Doughnut,2019-01 - 2022-01,7.71,1,213293
578,Kumichou Musume to Sewagakari,,,,,,no,https://myanimelist.net/manga/121615/Kumichou_Musume_to_Sewagakari,2018-01,7.71,2,8053
579,My Broken Mariko,,,,,,no,https://myanimelist.net/manga/123812/My_Broken_Mariko,2019-01 - 2019-01,7.71,3,931173
580,Koisuru (Otome) no Tsukurikata,,,,,,no,https://myanimelist.net/manga/125746/Koisuru_Otome_no_Tsukurikata,2020-01,7.71,4,9254
581,Doctor Elise: The Royal Lady with the Lamp,,,,,,no,https://myanimelist.net/manga/130806/Doctor_Elise__The_Royal_Lady_with_the_Lamp,2017-01 - 2024-01,7.71,5,418026
582,Zeikin de Katta Hon,,,,,,no,https://myanimelist.net/manga/142818/Zeikin_de_Katta_Hon,2021-01,7.7,1,4294
583,Gachiakuta,,,,,,no,https://myanimelist.net/manga/144180/Gachiakuta,2022-01,7.7,2,42976
584,Miss Not-So Sidekick,,,,,,no,https://myanimelist.net/manga/147827/Miss_Not-So_Sidekick,2017-01 - 2022-01,7.7,3,223999
585,Isshou Senkin,,,,,,no,https://myanimelist.net/manga/158356/Isshou_Senkin,2023-01,7.7,4,4897
586,Romance 101 Spin-Off,,,,,,no,https://myanimelist.net/manga/158900/Romance_101_Spin-Off,2021-01 - 2021-01,7.7,5,430
587,Kidou Senshi Gundam: Tekketsu no Orphans,,,,,,no,https://myanimelist.net/manga/93408/Kidou_Senshi_Gundam__Tekketsu_no_Orphans,2015-01 - 2016-01,7.7,1,922
588,Ani no Yome to Kurashiteimasu.,,,,,,no,https://myanimelist.net/manga/94342/Ani_no_Yome_to_Kurashiteimasu,2015-01,7.7,2,6634
589,Kawaii Hito,,,,,,no,https://myanimelist.net/manga/96046/Kawaii_Hito,2014-01 - 2019-01,7.7,3,914860
590,Ryuu to Yuusha to Haitatsunin,,,,,,no,https://myanimelist.net/manga/99787/Ryuu_to_Yuusha_to_Haitatsunin,2016-01,7.7,4,2063
591,"Owari no Seraph: Ichinose Guren, 16-sai no Catastrophe",,,,,,no,https://myanimelist.net/manga/106846/Owari_no_Seraph__Ichinose_Guren_16-sai_no_Catastrophe,2017-01 - 2022-01,7.7,5,223960
592,Hige wo Soru. Soshite Joshikousei wo Hirou.,,,,,,no,https://myanimelist.net/manga/116201/Hige_wo_Soru_Soshite_Joshikousei_wo_Hirou,2018-01 - 2021-01,7.7,1,113031
593,Nande Ikiteru ka Wakaranai Hito Izumi Sumi 25-sai,,,,,,no,https://myanimelist.net/manga/117351/Nande_Ikiteru_ka_Wakaranai_Hito_Izumi_Sumi_25-sai,2018-01 - 2019-01,7.7,2,198283
594,Kyuujitsu no Warumono-san,,,,,,no,https://myanimelist.net/manga/117549/Kyuujitsu_no_Warumono-san,2018-01,7.7,3,10687
595,Murazukuri Game no NPC ga Namami no Ningen to shika Omoenai,,,,,,no,https://myanimelist.net/manga/122783/Murazukuri_Game_no_NPC_ga_Namami_no_Ningen_to_shika_Omoenai,2019-01 - 2023-01,7.7,4,236811
596,Honzuki no Gekokujou: Shisho ni Naru Tame ni wa Shudan wo Erandeiraremasen - Tanpenshuu,,,,,,no,https://myanimelist.net/manga/123434/Honzuki_no_Gekokujou__Shisho_ni_Naru_Tame_ni_wa_Shudan_wo_Erandeiraremasen_-_Tanpenshuu,2019-01,7.7,5,279
597,Ten no Ryuu Chi no Sakura,,,,,,no,https://myanimelist.net/manga/10908/Ten_no_Ryuu_Chi_no_Sakura,2007-01 - 2009-01,7.69,1,94054
598,Superior Cross,,,,,,no,https://myanimelist.net/manga/16567/Superior_Cross,2009-01 - 2011-01,7.69,2,118896
599,Nonnonbaa to Ore,,,,,,no,https://myanimelist.net/manga/16629/Nonnonbaa_to_Ore,1992-01 - 1992-01,7.69,3,921716
600,Suiiki,,,,,,no,https://myanimelist.net/manga/16692/Suiiki,2009-01 - 2010-01,7.69,4,109033
601,Shigatsu wa Kimi no Uso: Coda,,,,,,no,https://myanimelist.net/manga/88588/Shigatsu_wa_Kimi_no_Uso__Coda,2015-01 - 2015-01,7.69,5,153550
602,Theseus no Fune,,,,,,no,https://myanimelist.net/manga/109773/Theseus_no_Fune,2017-01 - 2019-01,7.69,1,192657
603,You to Bakemono ni Naru Chichi ga Tsurai,,,,,,no,https://myanimelist.net/manga/109890/You_to_Bakemono_ni_Naru_Chichi_ga_Tsurai,2017-01 - 2017-01,7.69,2,171325
604,Hinadori wa Shiokaze ni Madoromu,,,,,,no,https://myanimelist.net/manga/113069/Hinadori_wa_Shiokaze_ni_Madoromu,2016-01 - 2017-01,7.69,3,172210
605,Aozora to Kumorizora,,,,,,no,https://myanimelist.net/manga/114945/Aozora_to_Kumorizora,2016-01,7.69,4,9815
606,Asadora!,,,,,,no,https://myanimelist.net/manga/116000/Asadora,2018-01,7.69,5,14374
607,Koori Zokusei Danshi to Cool na Douryou Joshi,,,,,,no,https://myanimelist.net/manga/119082/Koori_Zokusei_Danshi_to_Cool_na_Douryou_Joshi,2019-01,7.69,1,25995
608,Adachi to Shimamura,,,,,,no,https://myanimelist.net/manga/120071/Adachi_to_Shimamura,2019-01,7.69,2,8442
609,Zettai BL ni Naru Sekai vs Zettai BL ni Naritakunai Otoko,,,,,,no,https://myanimelist.net/manga/125071/Zettai_BL_ni_Naru_Sekai_vs_Zettai_BL_ni_Naritakunai_Otoko,2018-01,7.69,3,6494
610,Arifureta Shokugyou de Sekai Saikyou,,,,,,no,https://myanimelist.net/manga/88923/Arifureta_Shokugyou_de_Sekai_Saikyou,2015-01 - 2022-01,7.69,4,226687
611,Fushigi no Kuni no Bird,,,,,,no,https://myanimelist.net/manga/90153/Fushigi_no_Kuni_no_Bird,2013-01,7.69,5,2628
612,Bakemono Yawazukushi,,,,,,no,https://myanimelist.net/manga/117927/Bakemono_Yawazukushi,2016-01 - 2022-01,7.68,1,227179
613,Kotarou wa Hitorigurashi,,,,,,no,https://myanimelist.net/manga/117954/Kotarou_wa_Hitorigurashi,2015-01 - 2023-01,7.68,2,232096
614,Dousei Yankee Akamatsu Seven,,,,,,no,https://myanimelist.net/manga/121870/Dousei_Yankee_Akamatsu_Seven,2018-01 - 2020-01,7.68,3,202341
615,"Kekkon suru tte, Hontou desu ka",,,,,,no,https://myanimelist.net/manga/125182/Kekkon_suru_tte_Hontou_desu_ka,2020-01 - 2023-01,7.68,4,317952
616,Hoshikuzu Telepath,,,,,,no,https://myanimelist.net/manga/127231/Hoshikuzu_Telepath,2019-01,7.68,5,2522
617,Shishunki Bitter Change,,,,,,no,https://myanimelist.net/manga/65473/Shishunki_Bitter_Change,2012-01 - 2019-01,7.68,2,918629
618,Kujira no Kora wa Sajou ni Utau,,,,,,no,https://myanimelist.net/manga/69007/Kujira_no_Kora_wa_Sajou_ni_Utau,2013-01 - 2023-01,7.68,3,316087
619,Rain Gaiden: Vampire Master,,,,,,no,https://myanimelist.net/manga/71309/Rain_Gaiden__Vampire_Master,2012-01 - 2012-01,7.68,4,122214
620,Tsubasa: WoRLD CHRoNiCLE - Niraikanai-hen,,,,,,no,https://myanimelist.net/manga/74339/Tsubasa__WoRLD_CHRoNiCLE_-_Niraikanai-hen,2014-01 - 2016-01,7.68,5,167885
621,Chichi to Ko,,,,,,no,https://myanimelist.net/manga/76813/Chichi_to_Ko,2013-01 - 2018-01,7.68,1,183608
622,Ano Ko ni Kiss to Shirayuri wo,,,,,,no,https://myanimelist.net/manga/80721/Ano_Ko_ni_Kiss_to_Shirayuri_wo,2013-01 - 2019-01,7.68,2,912253
623,K: Days of Blue,,,,,,no,https://myanimelist.net/manga/59675/K__Days_of_Blue,2013-01 - 2014-01,7.67,3,144011
624,Ubume no Natsu,,,,,,no,https://myanimelist.net/manga/70179/Ubume_no_Natsu,2013-01 - 2014-01,7.67,4,142697
625,Yami no Moribito,,,,,,no,https://myanimelist.net/manga/70935/Yami_no_Moribito,2014-01 - 2017-01,7.67,5,171489
626,Fukuyadou Honpo,,,,,,no,https://myanimelist.net/manga/14268/Fukuyadou_Honpo,1995-01 - 2000-01,7.67,1,1459
627,I Am a Hero,,,,,,no,https://myanimelist.net/manga/14440/I_Am_a_Hero,2009-01 - 2017-01,7.67,2,103982
628,Sekai no Owari to Yoakemae,,,,,,no,https://myanimelist.net/manga/15355/Sekai_no_Owari_to_Yoakemae,2005-01 - 2008-01,7.67,3,819959
629,Sekitou Elegy,,,,,,no,https://myanimelist.net/manga/16019/Sekitou_Elegy,2004-01 - 2008-01,7.67,4,85815
630,Rain,,,,,,no,https://myanimelist.net/manga/17237/Rain,2008-01,7.67,5,12341
631,"Maou ni Natta node, Dungeon Tsukutte Jingai Musume to Honobono suru",,,,,,no,https://myanimelist.net/manga/110329/Maou_ni_Natta_node_Dungeon_Tsukutte_Jingai_Musume_to_Honobono_suru,2017-01,7.67,1,2663
632,Futari no Lion,,,,,,no,https://myanimelist.net/manga/114065/Futari_no_Lion,2017-01 - 2019-01,7.67,2,197168
633,Still Sick,,,,,,no,https://myanimelist.net/manga/116472/Still_Sick,2018-01 - 2020-01,7.67,3,208668
634,Sensei wa Koi wo Oshierarenai,,,,,,no,https://myanimelist.net/manga/117080/Sensei_wa_Koi_wo_Oshierarenai,2018-01 - 2022-01,7.67,4,234653
635,Killing Me/Killing You,,,,,,no,https://myanimelist.net/manga/118497/Killing_Me_Killing_You,2017-01 - 2023-01,7.67,5,233112
636,Genjitsu Touhi shitetara Boroboro ni Natta Hanashi,,,,,,no,https://myanimelist.net/manga/122691/Genjitsu_Touhi_shitetara_Boroboro_ni_Natta_Hanashi,2019-01 - 2019-01,7.67,2,196458
637,Kimi no Koe,,,,,,no,https://myanimelist.net/manga/131242/Kimi_no_Koe,2020-01,7.67,3,5573
638,Disney Twisted-Wonderland Anthology Comic,,,,,,no,https://myanimelist.net/manga/131892/Disney_Twisted-Wonderland_Anthology_Comic,2020-01 - 2021-01,7.67,4,211436
639,Denpa Kyoushi,,,,,,no,https://myanimelist.net/manga/32779/Denpa_Kyoushi,2011-01 - 2017-01,7.66,1,731721
640,Pink,,,,,,no,https://myanimelist.net/manga/41769/Pink,1989-01 - 1989-01,7.66,2,897416
641,Black Bullet,,,,,,no,https://myanimelist.net/manga/45597/Black_Bullet,2011-01 - 2014-01,7.66,3,147906
642,Mondaiji-tachi ga Isekai kara Kuru Sou desu yo?,,,,,,no,https://myanimelist.net/manga/49331/Mondaiji-tachi_ga_Isekai_kara_Kuru_Sou_desu_yo,2012-01 - 2014-01,7.66,4,144547
643,Citrus+,,,,,,no,https://myanimelist.net/manga/117083/Citrus_,2018-01,7.66,5,18063
644,Yamaguchi-kun wa Warukunai,,,,,,no,https://myanimelist.net/manga/128088/Yamaguchi-kun_wa_Warukunai,2019-01,7.66,1,6068
645,Kamibukuro-kun wa Koishiteru,,,,,,no,https://myanimelist.net/manga/130740/Kamibukuro-kun_wa_Koishiteru,2020-01 - 2020-01,7.66,2,22517
646,Taste of Illness,,,,,,no,https://myanimelist.net/manga/132552/Taste_of_Illness,2018-01 - 2019-01,7.66,3,193329
647,Iki Dekinai no wa Kimi no Sei,,,,,,no,https://myanimelist.net/manga/136969/Iki_Dekinai_no_wa_Kimi_no_Sei,2020-01,7.66,4,1593
648,+Anima,,,,,,no,https://myanimelist.net/manga/38/_Anima,1999-01 - 2005-01,7.66,5,521194
649,Akachan to Boku,,,,,,no,https://myanimelist.net/manga/76/Akachan_to_Boku,1991-01 - 1997-01,7.66,1,972604
650,DOLL: IC in a Doll,,,,,,no,https://myanimelist.net/manga/298/DOLL__IC_in_a_Doll,2000-01 - 2002-01,7.66,2,22247
651,Penguin☆Brothers,,,,,,no,https://myanimelist.net/manga/899/Penguin☆Brothers,1999-01 - 2001-01,7.66,3,15587
652,Suzumiya Haruhi no Yuuutsu,,,,,,no,https://myanimelist.net/manga/1253/Suzumiya_Haruhi_no_Yuuutsu,2004-01 - 2004-01,7.66,4,43879
653,The Bride of the Water God,,,,,,no,https://myanimelist.net/manga/1268/The_Bride_of_the_Water_God,2007-01 - 2014-01,7.66,5,420053
